,season,round,match_no,team1,team2,date,winner,attack_strength_ratio,ucl_attack_ratio,league_attack_ratio,defense_strength_ratio,ucl_defense_ratio,league_defense_ratio,overall_form_ratio,ucl_form_ratio,league_form_ratio,goal_diff_ratio,league_goal_diff_ratio,ucl_experience_diff,team1_wins,result,elo_team1,elo_team2,elo_diff,team1_home
0,2004,Round Of 16,Match 1,real madrid,juventus,2005-02-22,juventus,1.418758967001435,2.0,0.949517867271696,0.4194907407407407,0.25,0.6902356902356902,0.8499203333741879,0.875,0.7842572062084257,0.0,-0.4128274616079494,0,0.0,team2_win,1881.47155762,1838.99206543,42.4794921900002,1
1,2004,Round Of 16,Match 2,liverpool,bayer leverkusen,2005-02-22,liverpool,0.6544780074191838,0.6206896551724138,0.7050264550264549,1.5071225071225072,2.0,1.1128205128205129,0.981319859133364,1.0833333333333337,0.7753120665742025,-0.2142857142857143,-0.4917582417582417,-7,1.0,team1_win,1784.44445801,1811.77575684,-27.331298829999923,1
2,2004,Round Of 16,Match 3,psv eindhoven,monaco,2005-02-22,psv eindhoven,0.389958734525447,0.7,0.0,0.7693121693121694,0.7142857142857143,0.8518518518518519,0.7405063291139241,1.0833333333333337,0.0,-0.7142857142857143,-0.8518518518518519,0,1.0,team1_win,1806.32873535,1841.87646484,-35.54772948999994,1
3,2004,Round Of 16,Match 4,bayern munich,arsenal,2005-02-22,bayern munich,1.1220472440944882,1.25,0.9768907563025212,1.3046153846153847,1.5000000000000002,1.0620689655172413,1.1977351916376306,1.3,1.0379464285714286,0.8571428571428572,0.0119047619047618,0,1.0,team1_win,1839.32080078,1902.45593262,-63.13513184000021,1
4,2004,Round Of 16,Match 5,barcelona,chelsea,2005-02-23,chelsea,1.0302272727272728,1.0,1.069090909090909,0.6443861948449104,0.7142857142857143,0.4901960784313725,0.9725490196078432,1.0,0.9243243243243242,-0.2857142857142857,-0.2199999999999999,0,0.0,team2_win,1907.77734375,1942.08996582,-34.31262207000009,1
5,2004,Round Of 16,Match 6,manchester united,milan,2005-02-23,milan,1.0596142606662768,1.2727272727272727,0.7783050847457628,0.4521541010770505,0.3,0.8703416149068323,0.7092568448500651,0.6875,0.760828625235405,-0.5714285714285714,-0.4969733656174334,0,0.0,team2_win,1917.37585449,1868.11291504,49.262939449999976,1
6,2004,Round Of 16,Match 7,werder bremen,lyon,2005-02-23,lyon,0.826923076923077,0.6,1.5076923076923077,0.7095070422535211,0.8888888888888887,0.4193548387096774,0.8356923076923078,0.8125000000000001,0.8943937418513689,-1.2857142857142856,0.0329670329670329,0,0.0,team2_win,1841.47912598,1874.77734375,-33.298217770000065,1
7,2004,Round Of 16,Match 8,porto,inter,2005-02-23,inter,0.2068473609129814,0.3333333333333333,0.0,0.7842364532019703,0.5714285714285714,1.103448275862069,0.435,0.6000000000000001,0.0,-1.8571428571428568,-0.8620689655172413,0,0.0,team2_win,1774.2199707,1817.41674805,-43.19677735000005,1
8,2004,Quarter Finals,Match 1,liverpool,juventus,2005-04-05,liverpool,1.2586678832116789,1.7500000000000002,0.8525,0.6720430107526881,0.6666666666666666,0.6774193548387096,0.915511210384356,1.0,0.7229477611940299,0.4444444444444444,-0.5604838709677419,0,1.0,team1_win,1805.62133789,1893.46594238,-87.84460448999994,1
9,2004,Quarter Finals,Match 2,chelsea,bayern munich,2005-04-05,chelsea,0.9483643831597476,1.0,0.8823529411764706,1.347567400061977,1.0,2.540659340659341,1.2010144808966705,1.2307692307692308,1.1497326203208555,0.0,0.330252100840336,0,1.0,team1_win,1964.06445312,1836.65698242,127.40747069999998,
10,2004,Quarter Finals,Match 3,milan,inter,2005-04-06,milan,0.8271604938271605,0.7777777777777778,0.9047619047619048,1.8641975308641971,2.333333333333333,1.5416666666666663,1.2186213991769548,1.2222222222222223,1.2096774193548387,0.0,0.2121212121212121,0,1.0,team1_win,1933.13647461,1849.02441406,84.11206055000002,1
11,2004,Quarter Finals,Match 4,lyon,psv eindhoven,2005-04-06,psv eindhoven,3.647058823529412,2.8,14.117647058823527,0.9754098360655736,0.7272727272727272,1.7894736842105263,1.6502718734552646,1.1764705882352942,20.88235294117647,1.6666666666666663,0.8529411764705882,0,0.0,team2_win,1893.91503906,1865.89416504,28.020874020000065,
12,2004,Semi Finals,Match 1,chelsea,liverpool,2005-04-27,liverpool,1.466658247032079,1.5,1.418918918918919,0.9040981414627624,0.5,2.5351851851851848,1.1255071865758888,0.9523809523809524,1.6396396396396398,0.0909090909090909,1.1809309309309308,0,0.0,team2_win,1961.25256348,1799.58654785,161.66601562999995,1
13,2004,Semi Finals,Match 2,milan,psv eindhoven,2005-04-26,milan,2.680589680589681,1.5454545454545454,17.027027027027025,2.1952535059331177,3.666666666666667,1.3703703703703705,1.9223938223938224,1.4,22.16216216216216,1.2727272727272727,0.972972972972973,0,1.0,team1_win,1927.21447754,1872.0579834,55.15649413999995,1
14,2004,Final,Match 1,milan,liverpool,2005-05-25,liverpool,1.2111681643132222,1.1666666666666667,1.2804878048780488,1.132596685082873,1.0,1.2986425339366516,1.12856719660314,1.037037037037037,1.4268292682926829,0.2307692307692308,0.6216385240775485,0,0.0,team2_win,1907.43408203,1811.01599121,96.41809081999986,1
15,2005,Round Of 16,Match 1,chelsea,barcelona,2006-02-22,barcelona,0.5914338919925513,0.4444444444444443,0.8150234741784039,1.2272727272727273,1.0,1.4464285714285716,0.7193370165745857,0.5789473684210525,1.1083333333333334,-1.4285714285714284,-0.1714285714285714,0,0.0,team2_win,1967.61730957,1960.6229248,6.994384770000124,1
16,2005,Round Of 16,Match 2,real madrid,arsenal,2006-02-21,arsenal,0.7897759261344445,0.6363636363636364,1.0367322950337938,0.5246013224426294,0.3714285714285714,0.6684173669467787,0.6507419855511015,0.5668016194331984,0.9890470974808324,-1.054945054945055,-0.3537005163511188,6,0.0,team2_win,1894.02185059,1847.05578613,46.9660644600001,1
17,2005,Round Of 16,Match 3,werder bremen,juventus,2006-02-22,juventus,1.0974551764025449,1.0714285714285714,1.1352357320099256,0.5917868064657055,0.5714285714285714,0.6430107526881721,0.7297390109890111,0.6666666666666667,0.8575883575883576,-0.7142857142857142,-0.1461538461538463,0,0.0,team2_win,1783.64001465,1948.78137207,-165.14135742000008,1
18,2005,Round Of 16,Match 4,bayern munich,milan,2006-02-21,milan,0.8430681066784218,0.8461538461538461,0.8391608391608392,1.5018458197611293,1.4,1.6791666666666667,1.1683209263854426,1.1666666666666667,1.1713286713286712,0.0,0.0641025641025641,0,0.0,team2_win,1894.96948242,1909.67858887,-14.709106450000036,1
19,2005,Round Of 16,Match 5,psv eindhoven,lyon,2006-02-21,lyon,0.1858141858141857,0.2857142857142857,0.0,0.5751152073732719,0.5714285714285714,0.5806451612903226,0.3822441430332922,0.5263157894736842,0.0,-1.8571428571428568,-1.032258064516129,0,0.0,team2_win,1842.50952148,1918.7791748,-76.26965331999986,1
20,2005,Round Of 16,Match 6,ajax,inter,2006-02-22,inter,0.6338028169014084,1.0909090909090908,0.0,0.7315789473684211,0.75,0.7,0.5911330049261084,0.8571428571428571,0.0,-0.1428571428571429,-1.0,0,0.0,team2_win,1692.70568848,1866.67614746,-173.9704589800001,1
21,2005,Round Of 16,Match 7,benfica,liverpool,2006-02-21,benfica,0.4824399260628464,1.0,0.0,0.5564803804994055,0.3999999999999999,0.7241379310344828,0.6041666666666665,0.9166666666666669,0.0,-0.4285714285714285,-0.6551724137931034,0,1.0,team1_win,1658.48547363,1848.73181152,-190.24633789000018,1
22,2005,Round Of 16,Match 8,rangers,villarreal,2006-02-22,villarreal,0.837708830548926,1.8,0.0,0.547842401500938,0.3333333333333333,0.9615384615384616,0.52,0.7272727272727273,0.0,-0.2857142857142857,-0.2692307692307692,0,0.0,team2_win,1564.53918457,1839.27416992,-274.73498535,1
23,2005,Quarter Finals,Match 1,arsenal,juventus,2006-03-28,arsenal,0.7991071428571429,0.8125,0.78125,2.311348464619493,5.500000000000001,0.9508571428571428,1.0738488068605516,1.2777777777777777,0.6819852941176471,0.6666666666666667,-0.4758928571428571,0,1.0,team1_win,1859.8885498,1952.4510498,-92.5625,1
24,2005,Quarter Finals,Match 2,lyon,milan,2006-03-28,milan,0.9341107466985962,1.0588235294117647,0.7557354925775978,1.6530244530244529,2.0,1.2867724867724868,1.3127190620601044,1.4666666666666666,1.014323784143904,0.625,-0.3406015037593984,0,0.0,team2_win,1913.421875,1948.20141602,-34.7795410199999,
25,2005,Quarter Finals,Match 3,inter,villarreal,2006-03-29,villarreal,1.6551724137931034,2.0,1.3333333333333337,1.0914179104477613,0.8571428571428571,1.485,1.6151678196259291,1.6666666666666667,1.5012345679012349,0.6666666666666667,0.7534722222222222,0,0.0,team2_win,1864.49047852,1821.80334473,42.68713378999996,1
26,2005,Quarter Finals,Match 4,benfica,barcelona,2006-03-29,barcelona,0.2390158172231986,0.4210526315789473,0.0,0.8770053475935827,0.7999999999999999,0.9411764705882352,0.5044510385756678,0.7142857142857143,0.0,-1.3333333333333337,-1.4705882352941178,0,0.0,team2_win,1718.34631348,1962.72875977,-244.38244628999996,
27,2005,Semi Finals,Match 1,arsenal,villarreal,2006-04-19,arsenal,1.5487213403880071,1.75,1.3657407407407407,1.812646370023419,3.5,1.2413793103448276,1.6137566137566135,1.8000000000000005,1.190476190476191,1.0,0.6333333333333333,0,1.0,team1_win,1882.14807129,1841.18273926,40.9653320299999,1
28,2005,Semi Finals,Match 2,milan,barcelona,2006-04-18,barcelona,0.9224613217399752,0.9090909090909092,0.939718482252142,0.6603870819972515,0.4,1.0572337042925275,0.7889663068900212,0.7037037037037037,1.0093068035943518,-0.7272727272727274,-0.0889046941678519,0,0.0,team2_win,1950.14575195,1968.38012695,-18.234375,1
29,2005,Final,Match 1,arsenal,barcelona,2006-05-17,barcelona,0.6943300898203592,0.6249999999999999,0.779891304347826,1.1688359036056728,1.25,1.123429416112343,0.8705005624296962,0.9032258064516128,0.7884615384615384,-0.6153846153846153,-0.3920731707317073,0,0.0,team2_win,1902.4786377,1982.67456055,-80.19592284999999,0
30,2006,Round Of 16,Match 1,celtic,milan,2007-02-20,milan,0.5362095531587056,1.0,0.0,0.6459209419680404,0.4444444444444443,1.0344827586206895,0.7065677966101696,0.9090909090909092,0.284313725490196,-0.7142857142857142,-1.4482758620689655,0,0.0,team2_win,1675.16552734,1849.7175293,-174.5520019600001,1
31,2006,Round Of 16,Match 2,psv eindhoven,arsenal,2007-02-20,psv eindhoven,0.4591836734693877,1.0,0.0,0.7395833333333334,0.6666666666666666,0.8333333333333334,0.7784431137724551,1.181818181818182,0.0,-0.2857142857142857,-0.9333333333333332,0,1.0,team1_win,1795.00524902,1906.33312988,-111.32788085999982,1
32,2006,Round Of 16,Match 3,lille,manchester united,2007-02-20,manchester united,0.7549430796884361,0.7272727272727273,0.7952871870397644,0.9278688524590164,0.8333333333333334,1.0639999999999998,0.6693185748875823,0.6000000000000001,0.8533501896333755,-0.5714285714285714,-0.2738095238095238,0,0.0,team2_win,1772.74133301,1951.17895508,-178.43762206999986,1
33,2006,Round Of 16,Match 4,roma,lyon,2007-02-21,roma,0.8756542073419693,0.6666666666666666,1.1899804814573844,0.8430076716886958,0.75,0.935483870967742,0.8080870279146142,0.7333333333333334,0.9760119940029988,-0.7142857142857144,0.2691879866518353,0,1.0,team1_win,1795.68383789,1911.49938965,-115.81555176000006,1
34,2006,Round Of 16,Match 5,porto,chelsea,2007-02-21,chelsea,0.4880694143167028,0.9090909090909092,0.0,0.8390804597701149,1.0,0.6666666666666666,0.5741626794258373,0.8571428571428571,0.0,-0.1428571428571428,-1.3666666666666667,0,0.0,team2_win,1792.74621582,1967.06103516,-174.31481933999999,1
35,2006,Round Of 16,Match 6,real madrid,bayern munich,2007-02-21,bayern munich,1.110478899952584,1.4166666666666667,0.5855855855855856,0.7830400782013685,0.6,1.1245098039215686,1.0310015898251192,1.1666666666666667,0.7054054054054054,0.1428571428571429,-0.4786036036036036,0,0.0,team2_win,1877.51391602,1787.51733398,89.9965820399998,
36,2006,Round Of 16,Match 7,inter,valencia,2007-02-21,valencia,0.8043411330049262,0.5,1.4212488350419386,1.339409681227863,1.1428571428571428,1.842352941176471,1.000647901518969,0.7857142857142857,1.5838011226944666,-0.8571428571428571,1.1172413793103448,0,0.0,team2_win,1899.24401855,1878.44506836,20.798950189999914,1
37,2006,Round Of 16,Match 8,barcelona,liverpool,2007-02-21,liverpool,1.117000646412411,1.0,1.3395872420262664,0.9544303797468352,1.0,0.8881987577639752,0.7959866220735785,0.6875,1.12,0.0,0.3983516483516482,0,0.0,team2_win,1966.21044922,1894.4621582,71.74829102000012,1
38,2006,Quarter Finals,Match 1,roma,manchester united,2007-04-04,manchester united,1.0474097331240189,0.923076923076923,1.213186813186813,1.248826291079812,1.4,1.101851851851852,0.9862969660438016,0.9444444444444444,1.0881987577639751,0.1111111111111111,0.4337301587301587,0,0.0,team2_win,1818.58325195,1977.71984863,-159.1365966799999,1
39,2006,Quarter Finals,Match 2,chelsea,valencia,2007-04-04,chelsea,1.1087570621468927,0.9333333333333332,1.4147286821705425,1.4181818181818182,1.2857142857142856,1.65,1.2017099430019,1.125,1.388888888888889,0.1111111111111111,1.027777777777778,0,1.0,team1_win,1985.49609375,1867.81994629,117.67614746000004,1
40,2006,Quarter Finals,Match 3,psv eindhoven,liverpool,2007-04-03,liverpool,0.3176178660049628,0.5,0.0,0.7187500000000001,0.7,0.75,0.5411561691113028,0.7368421052631579,0.0,-1.2222222222222223,-0.78125,0,0.0,team2_win,1783.96960449,1902.91906738,-118.94946288999995,1
41,2006,Quarter Finals,Match 4,milan,bayern munich,2007-04-03,milan,0.7397959183673469,0.6250000000000001,0.9415584415584416,1.3905547226386807,1.5,1.27789046653144,0.9639035605542784,0.9375,1.0274285714285714,-0.3333333333333333,0.1812807881773399,0,1.0,team1_win,1857.11474609,1819.13024902,37.98449706999986,1
42,2006,Semi Finals,Match 1,chelsea,liverpool,2007-04-25,liverpool,1.1162836506894287,1.0,1.292727272727273,1.0255294458949813,1.0,1.0683760683760684,1.1437137330754352,1.0909090909090908,1.2761194029850746,0.0,0.4916666666666666,0,0.0,team2_win,1997.3807373,1928.36999512,69.01074217999985,1
43,2006,Semi Finals,Match 2,milan,manchester united,2007-04-24,milan,0.7487640776787421,0.6086956521739131,1.0224852071005917,1.039052658100277,1.111111111111111,0.9506172839506172,0.8217872171398072,0.7500000000000001,1.0178298522669382,-0.7272727272727273,-0.0132953466286799,0,1.0,team1_win,1885.37878418,1974.3449707,-88.96618652000006,0
44,2006,Final,Match 1,milan,liverpool,2007-05-23,milan,1.025605704562029,1.0,1.063352044907779,0.8928571428571429,1.0,0.7692307692307693,0.9862187769164512,0.96,1.0536935704514363,0.0,-0.1365533691115086,0,1.0,team1_win,1889.21191406,1892.84204102,-3.6301269599998705,1
45,2007,Round Of 16,Match 1,roma,real madrid,2008-02-19,roma,0.9624356202429292,0.9285714285714286,1.022086306489976,1.386607142857143,1.5714285714285714,1.109375,1.2234896493451628,1.2727272727272727,1.123882503192848,0.4285714285714285,0.1469907407407407,0,1.0,team1_win,1832.98083496,1955.32312012,-122.34228516000007,1
46,2007,Round Of 16,Match 2,schalke 04,porto,2008-02-19,schalke 04,1.8659420289855075,0.75,19.130434782608692,1.4615384615384617,2.0,1.0,1.4861660079051384,1.0,17.82608695652174,0.2857142857142857,0.9130434782608696,0,1.0,team1_win,1776.71264648,1817.54284668,-40.83020019999981,1
47,2007,Round Of 16,Match 3,olympiacos,chelsea,2008-02-19,chelsea,0.684060042887777,1.222222222222222,0.0,0.4334975369458128,0.2857142857142857,0.6551724137931034,0.6115992970123022,0.923076923076923,0.0,-0.4285714285714286,-0.8620689655172413,0,0.0,team2_win,,1958.28283691,,1
48,2007,Round Of 16,Match 4,liverpool,inter,2008-02-19,liverpool,1.2680977392098651,1.6666666666666667,0.8068965517241379,1.066846119336025,1.2,0.8787878787878788,0.806288032454361,0.8666666666666667,0.6881559220389806,1.2857142857142856,-0.5210727969348659,0,1.0,team1_win,1885.69372559,1948.09875488,-62.4050292899999,1
49,2007,Round Of 16,Match 5,celtic,barcelona,2008-02-20,barcelona,0.3052325581395348,0.4666666666666667,0.0,0.5821138211382113,0.5555555555555556,0.6333333333333333,0.3896103896103897,0.5294117647058825,0.0,-1.7142857142857144,-1.0666666666666669,0,0.0,team2_win,1667.65124512,1975.06933594,-307.41809081999986,1
50,2007,Round Of 16,Match 6,lyon,manchester united,2008-02-20,manchester united,0.9712869534430874,0.8571428571428571,1.1803508771929825,0.5666450421677729,0.4545454545454546,0.8497536945812808,0.7451540195341849,0.6470588235294118,1.0255072463768116,-1.142857142857143,0.1551724137931034,0,0.0,team2_win,1810.91650391,1976.92687988,-166.0103759699998,1
51,2007,Round Of 16,Match 7,fenerbahçe,sevilla,2008-02-20,fenerbahçe,0.0,0.0,0.0,1.4,1.4285714285714286,1.3571428571428572,0.0,0.0,0.0,-0.8571428571428571,-0.5,-7,1.0,team1_win,1752.68408203,1891.06896973,-138.38488770000004,
52,2007,Round Of 16,Match 8,arsenal,milan,2008-02-20,arsenal,1.2550348757245309,1.1666666666666667,1.4128352490421456,1.1582317073170734,1.25,1.054545454545455,1.1315808904969358,1.0,1.5251989389920424,0.4285714285714286,0.6358620689655173,0,1.0,team1_win,1956.04553223,1853.94360352,102.10192871000004,1
53,2007,Quarter Finals,Match 1,roma,manchester united,2008-04-01,manchester united,0.9561894752646198,0.8823529411764707,1.0842364532019704,0.6148624599583057,0.5,0.8119304059652029,0.8176118530806136,0.7391304347826088,1.0583850931677017,-0.7777777777777777,-0.0450704225352112,0,0.0,team2_win,1864.46813965,2015.07861328,-150.6104736299999,1
54,2007,Quarter Finals,Match 2,schalke 04,barcelona,2008-04-01,barcelona,0.582648638157469,0.3529411764705882,0.9359605911330048,0.9221491228070176,0.8333333333333334,1.0175438596491229,0.6926882380135579,0.6086956521739131,0.9685157421289354,-1.3333333333333333,-0.101633393829401,0,0.0,team2_win,1777.43432617,1933.9251709,-156.49084472999994,1
55,2007,Quarter Finals,Match 3,arsenal,liverpool,2008-04-02,liverpool,0.8545714285714285,0.7727272727272726,1.013445378151261,1.068075117370892,1.2,0.9398148148148148,1.0812800669316045,1.0588235294117647,1.132919254658385,-0.4444444444444444,-0.026190476190476,0,0.0,team2_win,1949.23510742,1936.97167969,12.263427730000103,1
56,2007,Quarter Finals,Match 4,fenerbahçe,chelsea,2008-04-02,chelsea,0.0,0.0,0.0,0.5555555555555556,0.4444444444444444,0.7222222222222222,0.0,0.0,0.0,-1.0,-1.0,-9,0.0,team2_win,1745.88354492,1994.44421387,-248.56066895000004,
57,2007,Semi Finals,Match 1,liverpool,chelsea,2008-04-22,chelsea,1.4401323706377855,1.6875,1.121212121212121,0.6795389048991354,0.5555555555555555,0.8709677419354839,0.9891969751530428,1.05,0.8735632183908045,0.6363636363636365,0.1025641025641026,0,0.0,team2_win,1964.24206543,2002.16040039,-37.91833496000004,1
58,2007,Semi Finals,Match 2,barcelona,manchester united,2008-04-23,manchester united,1.0292682926829269,1.0,1.073170731707317,0.9405336221325196,1.0,0.8967874231032126,0.9766432410086812,1.0,0.907513504665248,0.0,0.0240734874881215,0,0.0,team2_win,1925.09643555,2020.24572754,-95.14929198999994,1
59,2007,Final,Match 1,manchester united,chelsea,2008-05-21,manchester united,1.047472339528264,1.1111111111111112,0.9692855930765316,0.911231008750738,1.1666666666666663,0.7254370102471368,1.22371650006239,1.434782608695652,0.8344014355293514,0.2307692307692307,-0.3132530120481928,0,1.0,team1_win,2028.50073242,2017.16357422,11.337158199999976,1
60,2008,Round Of 16,Match 1,chelsea,juventus,2009-02-25,chelsea,1.2811496196111578,1.4285714285714286,1.1454545454545455,0.9590316573556796,0.7999999999999999,1.2280701754385963,1.1085365853658538,1.1666666666666667,0.9964285714285716,0.2857142857142857,0.3814814814814815,0,1.0,team1_win,1936.93640137,1840.48754883,96.44885254000019,1
61,2008,Round Of 16,Match 2,villarreal,panathinaikos,2009-02-24,villarreal,1.875,1.125,15.0,0.8562874251497006,1.0,0.6842105263157895,1.3153846153846152,0.8999999999999999,16.153846153846153,0.1666666666666666,0.0384615384615384,0,1.0,team1_win,1825.11425781,1675.43701172,149.67724608999993,
62,2008,Round Of 16,Match 3,sporting cp,bayern munich,2009-02-25,bayern munich,0.5023069207622868,0.4705882352941176,0.5527272727272727,0.4818365287588295,0.3076923076923076,0.7327586206896552,0.6863387978142077,0.7058823529411765,0.6297872340425532,-2.571428571428572,-1.5416666666666663,0,0.0,team2_win,1727.1640625,1822.95507812,-95.79101562000005,1
63,2008,Round Of 16,Match 4,atletico madrid,porto,2009-02-24,porto,0.959016393442623,1.0,0.9107142857142856,1.5263157894736838,1.6666666666666667,1.4,1.3296703296703296,1.0,14.285714285714285,0.5714285714285714,0.3928571428571428,0,0.0,team2_win,1825.43798828,1825.15478516,0.2832031199998255,1
64,2008,Round Of 16,Match 5,lyon,barcelona,2009-02-24,barcelona,0.7067637798262585,0.7894736842105262,0.5809906291834003,0.9162736872558946,0.8181818181818182,1.3064516129032258,0.8521278357343931,0.8571428571428571,0.8429442100328177,-0.8571428571428572,-0.94026284348865,0,0.0,team2_win,1836.38146973,1945.85229492,-109.47082519000014,1
65,2008,Round Of 16,Match 6,real madrid,liverpool,2009-02-25,liverpool,0.9345971563981044,0.7916666666666667,1.166304347826087,0.5953796500764397,0.7142857142857143,0.4679802955665025,0.714179104477612,0.6470588235294118,0.9011299435028248,-0.6428571428571428,-0.4810344827586206,7,0.0,team2_win,1912.92138672,1945.82226562,-32.90087889999995,1
66,2008,Round Of 16,Match 7,arsenal,roma,2009-02-24,arsenal,1.0173314126226705,1.0,1.0474137931034484,1.3832568488388264,1.4,1.3632478632478633,1.1325570980743394,1.1666666666666667,1.0524737631184409,0.2857142857142857,0.3959131545338442,0,1.0,team1_win,1863.65722656,1824.9921875,38.665039060000026,1
67,2008,Round Of 16,Match 8,inter,manchester united,2009-02-24,manchester united,0.9392304926285509,0.8888888888888887,0.9947089947089948,0.6933293978748525,0.4285714285714285,1.2294642857142857,0.9821021021021022,0.8181818181818182,1.3088816972312118,-0.7142857142857142,0.1607142857142857,0,0.0,team2_win,1890.11877441,2002.98522949,-112.86645507999992,1
68,2008,Quarter Finals,Match 1,villarreal,arsenal,2009-04-07,arsenal,0.9387096774193548,1.0,0.8616024973985431,0.625995449374289,0.7,0.5428743961352657,0.7848112655779007,0.7777777777777778,0.80145388459791,-0.3333333333333333,-0.9166666666666666,0,0.0,team2_win,1803.15588379,1882.8203125,-79.66442871000004,1
69,2008,Quarter Finals,Match 2,manchester united,porto,2009-04-07,manchester united,0.9236363636363638,1.0,0.8409090909090909,2.2184873949579837,2.4,2.0625,1.4597402597402598,1.0,17.87878787878788,0.7777777777777777,0.7121212121212122,0,1.0,team1_win,1981.31738281,1833.19262695,148.12475586000005,1
70,2008,Quarter Finals,Match 3,liverpool,chelsea,2009-04-08,chelsea,1.0611153552330022,1.1333333333333333,0.9595588235294118,0.9678217821782178,1.0,0.9015151515151516,1.0687474989996,1.1111111111111112,0.9763177998472116,0.2222222222222222,-0.1356209150326797,0,0.0,team2_win,1980.88452148,1946.31323242,34.571289060000026,1
71,2008,Quarter Finals,Match 4,barcelona,bayern munich,2009-04-08,barcelona,1.173579997109409,1.1666666666666667,1.1859620814844696,1.1335628227194492,0.8181818181818181,1.871264367816092,1.0827764513075544,1.0,1.3086770981507825,0.2222222222222221,1.0981981981981983,0,1.0,team1_win,1950.83435059,1846.96264648,103.87170410999988,1
72,2008,Semi Finals,Match 1,manchester united,arsenal,2009-04-29,manchester united,0.9446848848864404,0.9375,0.9532745355601426,1.183783783783784,1.6,0.9,0.9800013611130016,1.0,0.9343168247277835,0.1818181818181817,-0.1852739726027398,0,1.0,team1_win,1998.26123047,1913.63366699,84.62756348000016,1
73,2008,Semi Finals,Match 2,barcelona,chelsea,2009-04-28,barcelona,1.50353601401709,1.526315789473684,1.4702851253864653,0.945203892493049,1.0,0.8266129032258065,1.1148509549078491,1.1,1.1438183347350717,0.9090909090909092,0.703658536585366,0,1.0,team1_win,1970.36682129,1967.26428223,3.1025390600000264,1
74,2008,Final,Match 1,barcelona,manchester united,2009-05-27,barcelona,1.6762107630591572,1.777777777777778,1.5517672818267128,0.7961340516722034,0.6153846153846154,1.107926829268293,1.1419950043248777,1.0833333333333333,1.2783180778032035,0.6923076923076922,1.0291622481442206,0,1.0,team1_win,1963.2779541,2012.95690918,-49.67895507999992,1
75,2009,Round Of 16,Match 1,lyon,real madrid,2010-02-16,lyon,0.902132902132902,0.8666666666666667,0.9689199689199688,1.5260169316539334,2.6666666666666665,0.9110122358175752,1.175876454658567,1.2307692307692306,1.0365190365190364,0.4285714285714286,-0.1591511936339522,0,1.0,team1_win,1799.58349609,1915.48291016,-115.89941407000015,1
76,2009,Round Of 16,Match 2,milan,manchester united,2010-02-16,manchester united,0.7728309896524276,0.7692307692307693,0.7775862068965518,0.8699200261139218,0.7999999999999999,1.013986013986014,0.6725766362883182,0.5625000000000001,0.9688073394495412,-0.7142857142857143,-0.4545454545454545,0,0.0,team2_win,1811.51171875,1941.12097168,-129.6092529299999,1
77,2009,Round Of 16,Match 3,porto,arsenal,2010-02-17,arsenal,0.4225352112676056,0.7692307692307693,0.0,1.4615384615384617,1.75,1.2142857142857142,0.7939508506616256,1.1538461538461535,0.0,0.0,-1.0714285714285714,0,0.0,team2_win,1829.23339844,1872.6361084,-43.40270996000004,1
78,2009,Round Of 16,Match 4,bayern munich,fiorentina,2010-02-17,bayern munich,1.0826245443499394,0.7333333333333334,1.941176470588235,1.481958762886598,1.5000000000000002,1.4545454545454546,1.033932135728543,0.8666666666666667,1.6216216216216215,-0.1428571428571428,1.6153846153846154,0,1.0,team1_win,1887.51367188,1732.99255371,154.5211181699999,1
79,2009,Round Of 16,Match 5,olympiacos,bordeaux,2010-02-23,bordeaux,0.220708446866485,0.3999999999999999,0.0,0.5439814814814815,0.3333333333333333,0.8148148148148148,0.3947368421052631,0.5263157894736842,0.0,-1.4285714285714284,-0.925925925925926,0,0.0,team2_win,,1853.6361084,,1
80,2009,Round Of 16,Match 6,inter,chelsea,2010-02-24,inter,0.7585066162570888,0.7500000000000001,0.7673745173745173,0.912169312169312,0.8571428571428571,1.0222222222222224,0.8979591836734694,0.8571428571428571,0.9795918367346936,-0.5714285714285714,-0.5571428571428572,0,1.0,team1_win,1881.92944336,1948.6204834,-66.69104003999996,1
81,2009,Round Of 16,Match 7,cska moscow,sevilla,2010-02-24,cska moscow,0.6332248734634852,0.9166666666666669,0.1987179487179487,0.4828133262823902,0.4545454545454546,0.5161290322580645,0.5892561983471074,0.7857142857142857,0.0906432748538011,-1.0,-2.3118279569892475,0,1.0,team1_win,1709.10046387,1818.02612305,-108.92565917999991,1
82,2009,Round Of 16,Match 8,stuttgart,barcelona,2010-02-23,barcelona,0.8574574280681152,1.25,0.5821678321678322,0.4735011254348272,0.5,0.4377104377104377,0.7338461538461539,0.8333333333333334,0.5734787600459242,-0.2857142857142857,-1.735042735042735,0,0.0,team2_win,1749.61242676,1984.55859375,-234.94616698999994,1
83,2009,Quarter Finals,Match 1,lyon,bordeaux,2010-03-30,lyon,1.1679195804195803,1.3076923076923077,0.9873798076923076,0.9698688408365828,1.2,0.7893738140417458,0.904296875,0.9090909090909092,0.890625,0.5555555555555555,-0.2449596774193548,0,1.0,team1_win,1816.59729004,1841.71496582,-25.117675780000127,1
84,2009,Quarter Finals,Match 2,bayern munich,manchester united,2010-03-30,bayern munich,0.928765920070268,0.8333333333333334,1.0668385987534923,1.0533963585434174,1.0,1.1546653144016226,0.91151247680525,0.8421052631578947,1.083726150392817,-0.3333333333333332,0.2745098039215685,0,1.0,team1_win,1870.53015137,1966.25109863,-95.72094725999978,1
85,2009,Quarter Finals,Match 3,arsenal,barcelona,2010-03-31,barcelona,1.1766579243162234,1.4285714285714286,0.934191176470588,0.6135512427647258,0.6666666666666666,0.5422647527910686,0.974838748030794,1.0625,0.8302622253720766,0.3333333333333335,-0.6711229946524064,0,0.0,team2_win,1908.3840332,1995.37719727,-86.99316406999992,1
86,2009,Quarter Finals,Match 4,inter,cska moscow,2010-03-31,inter,1.462745098039216,0.8461538461538463,5.470588235294118,2.0631067961165046,1.857142857142857,2.344827586206897,1.787087517934003,1.2857142857142856,12.705882352941178,0.4444444444444444,2.6372549019607843,0,1.0,team1_win,1865.48339844,1727.93579102,137.54760742000008,1
87,2009,Semi Finals,Match 1,bayern munich,lyon,2010-04-21,bayern munich,1.1974118842789212,1.0588235294117647,1.3912835249042144,0.7746336118339953,0.5384615384615384,1.2608294930875574,1.030449179383818,0.95,1.2231182795698925,-0.4545454545454545,0.873015873015873,0,1.0,team1_win,1890.48010254,1832.45739746,58.02270507999992,1
88,2009,Semi Finals,Match 2,inter,barcelona,2010-04-20,inter,0.7780854891100385,0.7894736842105262,0.76581904198699,1.0128522499915222,1.25,0.6957279860505666,1.10773335089915,1.263157894736842,0.8585172608941709,-0.1818181818181818,-0.8115220483641536,0,1.0,team1_win,1880.44726562,2019.00952148,-138.56225586000005,1
89,2009,Final,Match 1,bayern munich,inter,2010-05-22,inter,1.2412886717841358,1.2352941176470589,1.247530864197531,0.7177763144213775,0.6000000000000001,0.957592339261286,0.8657766582703611,0.8148148148148148,0.975257731958763,-0.1538461538461538,0.430232558139535,0,0.0,team2_win,1910.71264648,1914.35827637,-3.6456298900000093,1
90,2010,Round Of 16,Match 1,roma,shakhtar donetsk,2011-02-16,shakhtar donetsk,1.2666666666666668,0.7999999999999999,15.0,0.6357786357786358,0.5714285714285714,0.787878787878788,0.8440170940170939,0.5555555555555556,17.307692307692307,-1.2857142857142856,0.2307692307692307,0,0.0,team2_win,1729.92492676,1845.0177002,-115.09277343999997,1
91,2010,Round Of 16,Match 2,milan,tottenham hotspur,2011-02-15,tottenham hotspur,0.6026936026936026,0.3684210526315789,1.2703703703703704,1.425646551724138,1.375,1.542857142857143,0.7462074620746209,0.5714285714285714,1.202962962962963,-1.2857142857142856,0.7883597883597885,0,0.0,team2_win,1774.91235352,1834.17431641,-59.26196289000018,1
92,2010,Round Of 16,Match 3,valencia,schalke 04,2011-02-15,schalke 04,1.4254769921436587,1.4545454545454546,1.371492704826038,0.9037762237762236,0.7999999999999999,1.0038461538461538,0.9609856262833676,0.8571428571428571,1.2682926829268293,0.5714285714285714,0.4757834757834758,0,0.0,team2_win,1831.06054688,1779.05639648,52.004150399999844,1
93,2010,Round Of 16,Match 4,inter,bayern munich,2011-02-23,bayern munich,0.7201574114560559,0.7058823529411765,0.7417582417582418,0.6616325062927005,0.5,1.037037037037037,0.6666666666666667,0.5555555555555556,1.0,-1.5714285714285714,-0.5806878306878307,0,0.0,team2_win,1819.50305176,1892.64074707,-73.13769531000003,1
94,2010,Round Of 16,Match 5,lyon,real madrid,2011-02-22,real madrid,0.7862068965517243,0.75,0.8571428571428571,0.540469011725293,0.2727272727272727,1.2241666666666664,0.7110536522301228,0.6470588235294118,0.9049773755656108,-1.7142857142857144,-0.0430769230769231,0,0.0,team2_win,1795.81494141,1965.79650879,-169.9815673799999,1
95,2010,Round Of 16,Match 6,arsenal,barcelona,2011-02-16,barcelona,1.033690051525961,1.3333333333333337,0.7126436781609194,0.5892877789339808,0.625,0.5301075268817204,0.9797522997070764,1.0714285714285714,0.8118725447402881,0.2857142857142856,-1.3481646273637375,0,0.0,team2_win,1888.74145508,2039.62976074,-150.88830566000001,1
96,2010,Round Of 16,Match 7,marseille,manchester united,2011-02-23,manchester united,1.177966101694915,1.7142857142857142,0.748091603053435,0.7586837294332722,0.3333333333333333,1.0559006211180124,0.8608043626448535,0.8666666666666667,0.8460431654676258,0.4285714285714287,-0.42,0,0.0,team2_win,1811.98583984,1954.23706055,-142.2512207100001,1
97,2010,Round Of 16,Match 8,copenhagen,chelsea,2011-02-22,chelsea,0.2835195530726257,0.4375,0.0,0.6600985221674877,0.5714285714285714,0.7931034482758621,0.4334828101644245,0.5555555555555556,0.0,-1.7142857142857142,-1.0689655172413792,0,0.0,team2_win,,1882.40344238,,1
98,2010,Quarter Finals,Match 1,real madrid,tottenham hotspur,2011-04-05,real madrid,1.2207142315566002,1.2105263157894737,1.244177310293013,2.214330024813896,5.000000000000001,1.0190602836879434,1.400256334621906,1.5333333333333332,1.0877904256978013,1.777777777777778,0.3579545454545454,0,1.0,team1_win,1971.82299805,1811.13464355,160.68835450000006,1
99,2010,Quarter Finals,Match 2,chelsea,manchester united,2011-04-06,manchester united,1.2850231808103203,1.6,1.004383457213646,0.7861462341946124,0.3999999999999999,1.1945701357466063,0.9018543645409316,0.9047619047619048,0.8939393939393939,0.3333333333333335,0.1614973262032084,0,0.0,team2_win,1895.22033691,1939.29284668,-44.0725097699999,1
100,2010,Quarter Finals,Match 3,barcelona,shakhtar donetsk,2011-04-06,barcelona,2.074792243767313,1.2105263157894737,27.36842105263158,1.8704663212435235,1.857142857142857,1.9,1.426065162907268,0.9523809523809524,25.789473684210524,1.1111111111111112,2.210526315789474,0,1.0,team1_win,2062.89941406,1856.83276367,206.06665038999972,1
101,2010,Quarter Finals,Match 4,inter,schalke 04,2011-04-05,schalke 04,1.055363321799308,0.8947368421052632,1.475,0.5265017667844524,0.3684210526315789,0.972972972972973,0.7978989494747374,0.6499999999999999,1.2941176470588236,-1.5555555555555554,0.5454545454545454,0,0.0,team2_win,1820.77905273,1773.70141602,47.077636710000206,1
102,2010,Semi Finals,Match 1,real madrid,barcelona,2011-04-27,barcelona,0.812647841513897,0.9230769230769228,0.6631578947368422,0.7812293058816446,1.4,0.432712215320911,0.9132282502096452,1.0,0.7218045112781954,0.0,-1.5689223057644113,0,0.0,team2_win,2008.47363281,2080.31665039,-71.84301758000015,1
103,2010,Semi Finals,Match 2,manchester united,schalke 04,2011-04-26,manchester united,0.9159856162144492,0.6666666666666666,1.527950310559006,1.829762497923933,3.333333333333333,1.1560846560846565,1.2044523658549129,1.173913043478261,1.3019762845849805,0.0,0.7584541062801933,0,1.0,team1_win,1952.09790039,1794.69616699,157.4017334,0
104,2010,Final,Match 1,barcelona,manchester united,2011-05-28,barcelona,1.500169889167543,1.5789473684210529,1.4028447161161397,1.0741368012500632,0.7777777777777778,1.6304675716440422,1.0533444725335532,1.0,1.1962636222106902,0.6923076923076923,1.0636211931581143,0,1.0,team1_win,2060.6550293,1957.98486328,102.67016602000012,1
105,2011,Round Of 16,Match 1,lyon,apoel,2012-02-14,apoel,1.2747497219132369,1.6666666666666667,0.9724137931034482,1.054545454545455,1.0,1.1153846153846154,1.302068965517241,1.222222222222222,1.5073891625615763,0.5714285714285714,0.1091954022988505,0,0.0,team2_win,1740.59082031,1638.70178223,101.88903808000009,1
106,2011,Round Of 16,Match 2,bayer leverkusen,barcelona,2012-02-14,barcelona,0.5498761756316443,0.4682274247491639,0.690252350321623,0.6024730627012842,0.546218487394958,0.7152173913043478,0.6952638323246931,0.6518218623481781,0.8166458072590738,-2.340659340659341,-1.1666666666666663,6,0.0,team2_win,1760.20288086,2038.40637207,-278.20349121000004,1
107,2011,Round Of 16,Match 3,zenit saint petersburg,benfica,2012-02-15,benfica,1.725925925925926,1.0,15.555555555555555,1.0,1.0,1.0,1.5,1.0,20.0,0.0,0.5555555555555556,0,0.0,team2_win,1788.99597168,1855.66967773,-66.67370605000019,1
108,2011,Round Of 16,Match 4,milan,arsenal,2012-02-15,milan,1.4995544995544996,2.142857142857143,0.9985207100591716,1.332098765432099,1.25,1.4845679012345678,1.1016112266112266,1.0909090909090908,1.1232339089481946,1.4285714285714286,0.4444444444444444,0,1.0,team1_win,1792.77368164,1815.02587891,-22.252197270000124,1
109,2011,Round Of 16,Match 5,napoli,chelsea,2012-02-21,chelsea,0.9380873410724158,0.9285714285714286,0.954074074074074,1.0571428571428572,1.0,1.1428571428571428,1.1479864143619605,1.2727272727272727,0.8918518518518518,-0.1428571428571429,0.0608465608465608,0,0.0,team2_win,1734.94067383,1828.71240234,-93.77172851,1
110,2011,Round Of 16,Match 6,cska moscow,real madrid,2012-02-21,real madrid,1.013452507195879,0.8441558441558442,1.2481203007518795,0.908884406403896,1.017094017094017,0.7871485943775101,1.023512362215098,0.8796992481203009,1.3272921108742004,-0.2417582417582418,0.0895008605851979,-6,0.0,team2_win,1725.57580566,2050.19213867,-324.61633301000006,1
111,2011,Round Of 16,Match 7,basel,bayern munich,2012-02-22,bayern munich,0.5422943221320973,1.0909090909090908,0.0,0.6608391608391608,0.7,0.5769230769230769,0.7151277013752455,1.0769230769230769,0.0,-0.2857142857142857,-1.807692307692308,0,0.0,team2_win,1696.96740723,1880.09423828,-183.12683104999996,1
112,2011,Round Of 16,Match 8,marseille,inter,2012-02-22,marseille,1.0868794326241134,1.0,1.1944444444444444,1.740740740740741,2.0,1.4999999999999998,1.2785145888594165,1.3,1.2307692307692308,0.5714285714285714,0.7307692307692307,0,1.0,team1_win,1779.04797363,1702.86120605,76.18676757999992,1
113,2011,Quarter Finals,Match 1,apoel,real madrid,2012-03-27,real madrid,0.6038545403390307,0.4022988505747126,0.9300184162062616,0.9936425221469516,1.0799999999999998,0.8976897689768978,0.7830245670559806,0.7999999999999999,0.7410901467505241,-1.0666666666666669,-0.2788778877887788,-6,0.0,team2_win,1644.77648926,2061.59887695,-416.8223876899999,1
114,2011,Quarter Finals,Match 2,marseille,bayern munich,2012-03-28,bayern munich,0.4987759099069692,0.4499999999999999,0.5646336785577293,0.7544642857142858,0.8750000000000001,0.59375,0.6765982404692081,0.6842105263157895,0.6599326599326599,-1.3333333333333333,-1.481060606060606,0,0.0,team2_win,1716.52819824,1917.04846191,-200.52026367000008,1
115,2011,Quarter Finals,Match 3,benfica,chelsea,2012-03-27,chelsea,0.4191616766467065,0.6666666666666666,0.0,1.0244897959183674,1.0,1.0571428571428572,0.626491646778043,0.8823529411764707,0.0,-0.6666666666666667,-0.7142857142857143,0,0.0,team2_win,1837.12451172,1821.8013916,15.323120120000112,1
116,2011,Quarter Finals,Match 4,milan,barcelona,2012-03-28,barcelona,0.5702054794520548,0.5,0.6915887850467289,0.6449839670178653,0.5454545454545454,0.86003861003861,0.6634732492387995,0.5652173913043479,0.9070480081716036,-2.2222222222222223,-1.010647010647011,0,0.0,team2_win,1819.89770508,2085.65161133,-265.75390625,1
117,2011,Semi Finals,Match 1,bayern munich,real madrid,2012-04-17,bayern munich,1.1322028353618478,1.05974025974026,1.2555555555555555,1.941720587646423,1.7794117647058825,2.245259165613148,1.3792117904014614,1.37987012987013,1.3776234567901235,0.6898395721925135,1.1900196656833826,-6,1.0,team1_win,1907.65039062,2081.78369141,-174.1333007899998,1
118,2011,Semi Finals,Match 2,chelsea,barcelona,2012-04-18,chelsea,0.6431761538845558,0.6363636363636364,0.6537384184443008,0.7804137828935193,0.8888888888888888,0.6567944250871081,0.8460897138988848,0.8846153846153846,0.7598375222137599,-1.181818181818182,-1.374609130706692,0,1.0,team1_win,1849.40185547,2108.37744141,-258.97558593999975,1
119,2011,Final,Match 1,bayern munich,chelsea,2012-05-19,chelsea,1.1377981651376148,1.0833333333333333,1.2176470588235293,1.2786458333333337,1.090909090909091,1.619047619047619,1.0799693408277975,1.037037037037037,1.1927710843373494,0.2307692307692306,0.8444444444444446,0,0.0,team2_win,1931.36218262,1848.64611816,82.7160644600001,1
120,2012,Round Of 16,Match 1,celtic,juventus,2013-02-12,juventus,0.375,0.6000000000000001,0.0,0.4680851063829787,0.3636363636363636,0.7142857142857143,0.4620462046204621,0.6666666666666667,0.0,-1.8571428571428568,-1.2142857142857142,0,0.0,team2_win,1630.37695312,1822.80334473,-192.42639160999988,1
121,2012,Round Of 16,Match 2,valencia,paris saint-germain,2013-02-12,paris saint-germain,0.7686757215619695,0.8125000000000001,0.6935483870967742,0.5353218210361068,0.5714285714285714,0.4943714821763602,0.7376445050229693,0.7222222222222222,0.7798528579513299,-0.8571428571428571,-1.2816377171215882,0,0.0,team2_win,1815.95397949,1824.5814209,-8.627441410000074,1
122,2012,Round Of 16,Match 3,shakhtar donetsk,borussia dortmund,2013-02-13,borussia dortmund,0.634368766030208,1.0769230769230769,0.0,0.8734991423670669,0.7,1.2452830188679245,0.5443510737628384,0.7333333333333334,0.0,-0.2857142857142857,-0.6981132075471698,0,0.0,team2_win,1854.24414062,1927.87207031,-73.62792968999997,1
123,2012,Round Of 16,Match 4,real madrid,manchester united,2013-02-13,real madrid,1.3130617097759796,1.747899159663865,0.9112586370410514,0.9499190380419336,0.9692307692307692,0.9127966976264192,1.1002862754663207,1.3928571428571428,0.7347015392316356,0.934065934065934,-0.2855910267471959,-6,1.0,team1_win,2022.76806641,1916.41577148,106.35229492999997,1
124,2012,Round Of 16,Match 5,arsenal,bayern munich,2013-02-19,bayern munich,0.6461247086247087,0.611111111111111,0.6965174129353233,0.571350613915416,0.7272727272727273,0.2470588235294118,0.6312709030100335,0.625,0.6439393939393939,-1.4285714285714286,-1.6666666666666663,0,0.0,team2_win,1797.43139648,1980.79016113,-183.35876464999978,1
125,2012,Round Of 16,Match 6,porto,malaga,2013-02-19,malaga,0.7921348314606742,0.9166666666666669,0.6,1.2846153846153845,1.5,1.1,0.9411764705882352,1.3333333333333333,0.0,0.1428571428571429,-0.5666666666666667,0,0.0,team2_win,1887.43432617,1805.93115234,81.50317383000015,1
126,2012,Round Of 16,Match 7,galatasaray,schalke 04,2013-02-20,galatasaray,0.4163775156141568,0.7272727272727273,0.0,1.2240000000000002,1.0,1.56,0.6351039260969976,0.8461538461538461,0.0,-0.4285714285714285,-0.2,0,1.0,team1_win,1672.20727539,1767.20080566,-94.99353027000006,1
127,2012,Round Of 16,Match 8,milan,barcelona,2013-02-20,barcelona,0.6638693997340304,0.8181818181818182,0.5511111111111111,1.037887683912413,1.1666666666666667,0.8981854838709677,0.7748673172401984,0.8461538461538461,0.6580849141824752,-0.1428571428571428,-1.5686977299880525,0,0.0,team2_win,1757.55737305,2073.06030273,-315.50292967999985,1
128,2012,Quarter Finals,Match 1,malaga,borussia dortmund,2013-04-03,borussia dortmund,0.8604383646821079,0.8750000000000001,0.8393142857142858,1.1140522875816994,1.1666666666666667,1.068014705882353,0.8662879769957809,0.8421052631578947,0.93734335839599,-0.1111111111111111,-0.2176470588235294,0,0.0,team2_win,1804.79626465,1924.42626953,-119.63000487999989,1
129,2012,Quarter Finals,Match 2,real madrid,galatasaray,2013-04-03,real madrid,3.007371007371008,1.909090909090909,20.135135135135133,1.0152439024390243,1.0909090909090908,0.891566265060241,1.784611141753999,1.2857142857142856,18.108108108108105,1.2222222222222223,0.8918918918918919,0,1.0,team1_win,2038.36437988,1703.14538574,335.21899413999995,1
130,2012,Quarter Finals,Match 3,paris saint-germain,barcelona,2013-04-02,barcelona,0.8701298701298701,1.1176470588235294,0.6363636363636364,1.3913513513513511,1.2857142857142856,1.5608108108108107,1.0598360547540162,1.1764705882352942,0.8530961791831357,0.4444444444444444,-0.683046683046683,0,0.0,team2_win,1817.8359375,2070.34155273,-252.50561522999988,1
131,2012,Quarter Finals,Match 4,bayern munich,juventus,2013-04-02,bayern munich,1.3239303549736805,1.1764705882352942,1.549411162314388,0.8036688902365071,0.6,1.6131221719457014,1.1110293027370013,1.0555555555555556,1.2283870967741934,-0.1111111111111111,1.2751423149905123,0,1.0,team1_win,1986.63293457,1846.10131836,140.53161621000004,1
132,2012,Semi Finals,Match 1,bayern munich,barcelona,2013-04-23,bayern munich,1.2052380952380952,1.4444444444444444,1.0095238095238095,1.651086956521739,1.4,2.45,1.268430840627186,1.3888888888888888,1.0862800565770865,1.0909090909090908,0.6500000000000001,0,1.0,team1_win,2013.50158691,2076.10546875,-62.603881839999985,1
133,2012,Semi Finals,Match 2,borussia dortmund,real madrid,2013-04-24,borussia dortmund,0.9377333134239212,0.9583333333333334,0.9052425919895798,1.3875,1.8000000000000005,0.9144886363636362,1.237668806531082,1.3888888888888888,0.9297297297297296,0.6363636363636365,-0.2983108108108109,0,1.0,team1_win,1949.95373535,2040.36108398,-90.40734863000012,1
134,2012,Final,Match 1,borussia dortmund,bayern munich,2013-05-25,bayern munich,0.7121567875796636,0.7741935483870969,0.6369034994697772,0.6065219738689126,0.7857142857142857,0.3804639804639804,0.7435248810692441,0.8064516129032259,0.61470317533364,-0.7692307692307693,-1.8639774859287053,0,0.0,team2_win,1953.33044434,2064.44458008,-111.11413573999994,1
135,2013,Round Of 16,Match 1,manchester city,barcelona,2014-02-18,barcelona,0.8300818760739916,0.8974358974358972,0.7416413373860181,0.604978354978355,0.6190476190476191,0.5833333333333334,0.8989532894546087,0.9759615384615384,0.7386759581881532,-0.7032967032967035,-1.2276785714285714,6,0.0,team2_win,1950.97680664,2028.84423828,-77.86743163999995,1
136,2013,Round Of 16,Match 2,bayer leverkusen,paris saint-germain,2014-02-18,paris saint-germain,0.8142925278219397,0.7,1.0209375,0.6309105800268094,0.4887218045112782,1.0893246187363832,0.9149943714821764,0.841346153846154,1.0888524590163935,-1.6043956043956045,0.1103703703703704,6,0.0,team2_win,1833.65332031,1835.39147949,-1.7381591799999114,1
137,2013,Round Of 16,Match 3,milan,atletico madrid,2014-02-19,atletico madrid,0.5827911219215567,0.5,0.7107258938244854,0.507,0.5,0.5131578947368421,0.4990798675009202,0.4736842105263158,0.5668016194331984,-1.5714285714285716,-1.3533653846153846,0,0.0,team2_win,1736.49658203,1924.49084473,-187.99426270000004,1
138,2013,Round Of 16,Match 4,arsenal,bayern munich,2014-02-19,bayern munich,0.5213984752617562,0.4210526315789473,0.661313179026925,0.6052684903748733,0.7142857142857143,0.4296296296296296,0.7060383835231705,0.6666666666666666,0.7892180670228266,-1.8571428571428568,-1.52,0,0.0,team2_win,1883.57434082,2086.82299805,-203.24865722999994,1
139,2013,Round Of 16,Match 5,galatasaray,chelsea,2014-02-26,chelsea,0.4267650158061117,0.6923076923076923,0.0,0.3853107344632768,0.2666666666666666,0.7666666666666667,0.4081632653061224,0.6153846153846153,0.0,-2.142857142857143,-0.9666666666666668,0,0.0,team2_win,1724.4387207,1925.16650391,-200.7277832100001,1
140,2013,Round Of 16,Match 6,schalke 04,real madrid,2014-02-26,real madrid,0.6620592040179589,0.4814814814814814,0.9447715736040608,0.7290876113550533,0.7179487179487181,0.7501485442661912,0.9326605504587158,0.9285714285714284,0.94,-1.5604395604395604,-0.4496969696969697,-6,0.0,team2_win,1815.60266113,2043.03186035,-227.4291992200001,1
141,2013,Round Of 16,Match 7,zenit saint petersburg,borussia dortmund,2014-02-25,borussia dortmund,0.7429733727810651,0.4666666666666667,1.1962890625,0.7619047619047618,0.6153846153846153,1.1972789115646258,0.6005800898203594,0.3999999999999999,1.1527387640449438,-1.8571428571428568,0.5695153061224489,0,0.0,team2_win,1741.43408203,1880.7142334,-139.2801513700001,1
142,2013,Round Of 16,Match 8,olympiacos,manchester united,2014-02-25,manchester united,0.4788990825688073,0.7999999999999999,0.0,1.0712341197822144,1.0625,1.0862068965517242,0.6406117247238743,0.8965517241379309,0.0,-0.3571428571428572,-1.0689655172413792,-7,0.0,team2_win,,1885.63586426,,1
143,2013,Quarter Finals,Match 1,barcelona,atletico madrid,2014-04-01,atletico madrid,1.1517241379310346,1.0,1.4074074074074072,0.8389261744966443,0.7142857142857143,1.0344827586206895,0.9219445395412532,0.8695652173913044,1.0543478260869563,-0.2222222222222221,0.8717948717948716,0,0.0,team2_win,2045.55285645,1947.64868164,97.90417481000009,1
144,2013,Quarter Finals,Match 2,real madrid,borussia dortmund,2014-04-02,real madrid,1.139240854497112,1.2375000000000005,1.002629848783695,1.167558293138441,1.2745098039215683,0.997377049180328,1.0363983455297483,1.04,1.0287698412698412,0.7333333333333334,0.002241838307412,6,1.0,team1_win,2041.92614746,1884.36376953,157.56237793000014,1
145,2013,Quarter Finals,Match 3,paris saint-germain,chelsea,2014-04-02,chelsea,1.436842105263158,1.5625,1.2564102564102564,1.0415584415584416,1.0,1.1142857142857143,1.287177918801132,1.3750000000000002,1.1171717171717173,1.0,0.5523809523809524,0,0.0,team2_win,1892.20288086,1929.33032227,-37.12744140999985,1
146,2013,Quarter Finals,Match 4,manchester united,bayern munich,2014-04-01,bayern munich,0.7977591036414564,0.8823529411764705,0.7010804321728691,0.5982297063903282,0.6611111111111111,0.4948630136986301,0.8072188643909083,0.8735294117647059,0.6849673202614379,-0.673202614379085,-1.4577205882352942,8,0.0,team2_win,1878.03466797,2097.44799805,-219.41333007999992,1
147,2013,Semi Finals,Match 1,real madrid,bayern munich,2014-04-23,real madrid,0.7924462318587165,0.9166666666666669,0.6530612244897959,0.6670876133861057,0.7320574162679426,0.5661764705882354,0.7768046977827276,0.8158567774936062,0.7053571428571429,-0.481283422459893,-1.48015873015873,6,1.0,team1_win,2063.42358398,2063.34350586,0.08007812000005288,1
148,2013,Semi Finals,Match 2,atletico madrid,chelsea,2014-04-22,atletico madrid,1.1747799342454128,1.222222222222222,1.11156462585034,1.211505507955936,1.4,1.031578947368421,1.2758127647405764,1.35,1.1281599059376837,0.5454545454545454,0.2280701754385963,0,1.0,team1_win,1980.38049316,1928.03320312,52.34729003999996,1
149,2013,Final,Match 1,real madrid,atletico madrid,2014-05-24,real madrid,1.0058881714475394,1.0263157894736843,0.9742138873171128,0.5819314619481845,0.5115384615384615,0.6849275362318841,0.7994792417250924,0.7982456140350878,0.8023618840776435,-0.4615384615384614,-0.3898967782295902,6,1.0,team1_win,2064.68261719,1985.94873047,78.7338867200001,1
150,2014,Round Of 16,Match 1,paris saint-germain,chelsea,2015-02-17,chelsea,0.6713333933555415,0.611111111111111,0.7758620689655171,0.7111256639743869,0.5,1.1674718196457323,0.9137055837563453,0.9333333333333332,0.8709677419354839,-1.5714285714285714,-0.3652618135376756,0,0.0,team2_win,1830.68139648,1947.17163086,-116.49023437999995,1
151,2014,Round Of 16,Match 2,shakhtar donetsk,bayern munich,2015-02-17,bayern munich,0.5324074074074074,0.9375,0.0,0.7190635451505015,1.0,0.4782608695652174,0.4243542435424354,0.625,0.0,-0.1428571428571428,-2.130434782608696,0,0.0,team2_win,1743.24829102,2036.06774902,-292.81945800000017,1
152,2014,Round Of 16,Match 3,schalke 04,real madrid,2015-02-18,real madrid,0.5851246256400348,0.5,0.7557135601828339,0.3294329983633889,0.125,0.9462365591397848,0.4806469604015617,0.3809523809523809,0.8763858093126385,-3.2857142857142856,-0.5312805474095796,0,0.0,team2_win,1778.8013916,2065.68383789,-286.8824462900002,1
153,2014,Round Of 16,Match 4,basel,porto,2015-02-18,porto,0.4705882352941176,0.4705882352941176,0.0,0.7073170731707317,0.5555555555555556,1.0,0.5333333333333333,0.5333333333333333,0.0,-1.857142857142857,0.0,0,0.0,team2_win,1723.49084473,1801.52807617,-78.03723144000014,1
154,2014,Round Of 16,Match 5,manchester city,barcelona,2015-02-24,barcelona,0.6022340942204955,0.5882352941176471,0.6188747731397459,0.6037784346485028,0.6,0.612316715542522,0.5480311175210875,0.4444444444444443,0.7982534706672638,-1.5714285714285714,-1.53559510567297,0,0.0,team2_win,1935.10974121,2019.85961914,-84.74987792999991,1
155,2014,Round Of 16,Match 6,juventus,borussia dortmund,2015-02-24,juventus,0.880586282016032,0.6000000000000001,1.4782205746061168,1.442382873099597,1.2,1.9246753246753248,1.145742746462171,1.0,1.5496422182468692,-0.7142857142857144,1.2195804195804196,0,1.0,team1_win,1891.78039551,1810.66430664,81.11608887000011,1
156,2014,Round Of 16,Match 7,arsenal,monaco,2015-02-25,monaco,2.000919540229885,2.2857142857142856,1.638453500522466,0.3335729690869878,0.1818181818181818,0.6682027649769586,0.9655172413793104,0.9285714285714286,1.0583554376657824,0.0,0.397783251231527,0,0.0,team2_win,1868.64733887,1732.0723877,136.57495117000008,1
157,2014,Round Of 16,Match 8,bayer leverkusen,atletico madrid,2015-02-25,atletico madrid,0.962038789025544,0.8571428571428571,1.1168032786885247,1.085217391304348,1.0,1.170731707317073,1.0863874345549738,1.1153846153846154,1.0245901639344264,-0.2857142857142858,0.3833333333333333,7,0.0,team2_win,1783.98132324,1972.22070312,-188.23937988000012,1
158,2014,Quarter Finals,Match 1,paris saint-germain,barcelona,2015-04-15,barcelona,0.6260818775553548,0.619047619047619,0.6342189647274393,0.6220367682631834,0.5833333333333334,0.7115384615384616,0.6814502307185235,0.6250000000000001,0.8198198198198199,-1.4444444444444444,-1.3562023562023562,0,0.0,team2_win,1846.56494141,2042.9708252,-196.40588378999996,1
159,2014,Quarter Finals,Match 2,atletico madrid,real madrid,2015-04-14,real madrid,0.8205372294193122,0.7142857142857143,1.0212867734991629,1.3463470103288162,1.5,1.2314952806756088,0.8629487284324147,0.7727272727272726,1.161904761904762,-0.4444444444444444,0.2459016393442623,0,0.0,team2_win,1956.51513672,2051.98266602,-95.46752930000002,1
160,2014,Quarter Finals,Match 3,porto,bayern munich,2015-04-15,bayern munich,0.6066350710900473,1.0,0.0,0.8177083333333333,1.1666666666666667,0.46875,0.727047913446677,1.105263157894737,0.0,0.1111111111111111,-2.125,0,0.0,team2_win,1833.77124023,2034.11340332,-200.34216308999999,1
161,2014,Quarter Finals,Match 4,juventus,monaco,2015-04-14,juventus,1.7045454545454544,1.857142857142857,1.565217391304348,1.1211031175059951,1.0,1.3117283950617282,1.3203055252455114,1.3571428571428572,1.2484635645302895,0.6666666666666666,0.8872549019607844,0,1.0,team1_win,1916.64660645,1766.46936035,150.17724610000005,1
162,2014,Semi Finals,Match 1,barcelona,bayern munich,2015-05-06,barcelona,1.0308362888160922,0.8666666666666668,1.3087409783480353,1.3221523410202656,1.5714285714285714,0.8958333333333334,1.257895084566596,1.3636363636363635,1.0560253699788584,0.0,0.6879844961240311,0,1.0,team1_win,2064.62890625,2023.49536133,41.13354492000008,1
163,2014,Semi Finals,Match 2,juventus,real madrid,2015-05-05,juventus,0.8107582491194457,0.6521739130434783,1.0839085418464194,1.5446483336740957,1.3333333333333337,1.8432835820895523,1.024949131850244,0.92,1.3491990846681925,-0.5454545454545453,0.641005498821681,0,1.0,team1_win,1934.22094727,2075.42700195,-141.20605468000008,1
164,2014,Final,Match 1,juventus,barcelona,2015-06-06,barcelona,0.5895456304002062,0.5483870967741936,0.6375968992248062,1.021434746852793,1.1,0.8822188449848024,0.7778738309384744,0.7272727272727274,0.8942917547568712,-1.0,-1.1870361207323108,0,0.0,team2_win,1941.58837891,2078.90405273,-137.3156738199998,1
165,2015,Round Of 16,Match 1,paris saint-germain,chelsea,2016-02-16,paris saint-germain,1.141285321330333,1.0,1.4050179211469536,2.4492924528301887,2.5,2.409663865546219,1.3764335054657633,1.2307692307692306,1.829611248966088,0.4285714285714284,1.423963133640553,0,1.0,team1_win,1925.1484375,1810.91699219,114.23144531000003,1
166,2015,Round Of 16,Match 2,benfica,zenit saint petersburg,2016-02-16,benfica,0.4851201147364646,0.8461538461538461,0.0,0.930038510911425,0.875,1.024390243902439,0.588300220750552,0.8666666666666667,0.0,-0.4285714285714285,-1.048780487804878,0,1.0,team1_win,1797.00976562,1755.51257324,41.497192380000115,1
167,2015,Round Of 16,Match 3,gent,wolfsburg,2016-02-17,wolfsburg,0.5180180180180181,0.8333333333333334,0.0,0.9881422924901184,0.7999999999999999,1.391304347826087,0.5180180180180181,0.6666666666666667,0.0,-0.5714285714285714,-0.1739130434782608,0,0.0,team2_win,1646.75708008,1760.80651855,-114.04943847000004,1
168,2015,Round Of 16,Match 4,roma,real madrid,2016-02-17,real madrid,0.662252941404885,0.5238095238095238,1.010511227902532,0.3582740990148397,0.1666666666666666,1.0699588477366255,0.4733319167020824,0.3157894736842105,1.0564435564435566,-3.571428571428572,0.0914529914529914,0,0.0,team2_win,1768.95629883,2020.57373047,-251.61743164000018,1
169,2015,Round Of 16,Match 5,arsenal,barcelona,2016-02-23,barcelona,0.6465256096287096,0.7058823529411765,0.5689655172413793,0.4702839006999695,0.3333333333333333,0.8787878787878788,0.6111111111111112,0.5294117647058825,0.7951807228915663,-1.8571428571428568,-1.3061650992685476,0,0.0,team2_win,1839.62023926,2077.23510742,-237.61486816000001,1
170,2015,Round Of 16,Match 6,juventus,bayern munich,2016-02-23,bayern munich,0.5081159654364855,0.3809523809523809,0.7335423197492164,0.9891472868217054,1.0,0.9666666666666666,0.7825228879995615,0.75,0.8460417678484701,-1.857142857142857,-0.6936339522546418,0,0.0,team2_win,1931.41772461,2012.51208496,-81.09436034999999,1
171,2015,Round Of 16,Match 7,dynamo kyiv,manchester city,2016-02-24,manchester city,0.4622881727983142,0.7597402597402598,0.0,0.8322344322344324,1.2307692307692308,0.5333333333333333,0.6273305549462602,0.8881987577639752,0.0,-0.1758241758241758,-2.5666666666666664,-6,0.0,team2_win,1774.90429688,1837.42773438,-62.5234375,1
172,2015,Round Of 16,Match 8,psv eindhoven,atletico madrid,2016-02-24,atletico madrid,0.4539353264185478,0.7272727272727273,0.0,0.4635944700460829,0.4285714285714285,0.5161290322580645,0.5395569620253164,0.7857142857142857,0.0,-1.0,-0.9032258064516128,0,0.0,team2_win,1719.82043457,1952.02697754,-232.20654296999987,1
173,2015,Quarter Finals,Match 1,wolfsburg,real madrid,2016-04-06,real madrid,0.714062092355857,0.6521739130434784,0.8518518518518517,0.704777241009125,0.6250000000000001,0.782608695652174,0.9205005440696408,0.9545454545454544,0.805982905982906,-1.2222222222222223,-0.5521739130434783,0,0.0,team2_win,1759.67675781,2048.82250977,-289.1457519600001,1
174,2015,Quarter Finals,Match 2,bayern munich,benfica,2016-04-05,bayern munich,2.9423076923076925,1.846153846153846,23.75,1.6305732484076432,1.4285714285714286,2.1333333333333333,2.0078125000000004,1.3750000000000002,26.25,1.5555555555555556,1.90625,0,1.0,team1_win,2017.39147949,1833.73449707,183.65698241999985,1
175,2015,Quarter Finals,Match 3,barcelona,atletico madrid,2016-04-05,atletico madrid,1.805396096440873,1.8333333333333333,1.7709401709401709,0.7654440154440155,0.8333333333333334,0.6800348735832608,1.277098167386483,1.352941176470588,1.1244064577397912,1.0,0.995841995841996,0,0.0,team2_win,2082.75244141,1964.16027832,118.59216308999976,1
176,2015,Quarter Finals,Match 4,paris saint-germain,manchester city,2016-04-06,manchester city,1.3459559214962558,1.25,1.4891640866873066,1.9298268328208448,2.16,1.6261261261261262,1.357019658710129,1.3333333333333333,1.410692084542064,1.0444444444444445,1.182076813655761,-6,0.0,team2_win,1900.05737305,1832.45007324,67.60729981000009,1
177,2015,Semi Finals,Match 1,manchester city,real madrid,2016-04-26,real madrid,0.7267859702316106,0.6221719457013575,0.939437751004016,0.67674899096675,0.4292929292929293,1.069767441860465,0.7990190032535213,0.7217194570135747,1.0478656708281089,-1.4973262032085564,-0.0358643877836929,6,0.0,team2_win,1872.36376953,2064.93041992,-192.56665039000018,1
178,2015,Semi Finals,Match 2,atletico madrid,bayern munich,2016-04-27,atletico madrid,0.6241619097042034,0.5769230769230769,0.6942711287577992,1.514288661920974,2.0,0.8677248677248677,0.9472034479380936,1.0,0.850609756097561,-0.5454545454545455,-0.7981029810298104,0,1.0,team1_win,1998.89038086,2025.27368164,-26.3833007799999,1
179,2015,Final,Match 1,real madrid,atletico madrid,2016-05-28,real madrid,1.368471470220741,1.6470588235294117,1.0345238095238094,0.8230727670827765,1.3333333333333333,0.4911531421598535,1.1715147164393398,1.3913043478260871,0.7682539682539683,1.0,-0.485064935064935,0,1.0,team1_win,2079.30493164,2001.4979248,77.80700684000021,1
180,2016,Round Of 16,Match 1,paris saint-germain,barcelona,2017-02-14,barcelona,0.840871400572893,0.8499999999999999,0.8265582655826558,1.191208791208791,1.1428571428571428,1.3,1.012919896640827,1.0,1.0427350427350428,-0.2857142857142856,-0.2740740740740741,0,0.0,team2_win,1869.37463379,2024.47717285,-155.10253906000003,1
181,2016,Round Of 16,Match 2,benfica,borussia dortmund,2017-02-14,borussia dortmund,0.5163265306122449,0.7857142857142857,0.0,1.1673761021587108,1.1846153846153846,1.1304347826086956,0.718122270742358,1.075187969924812,0.0,-0.1648351648351648,-0.4347826086956521,-6,0.0,team2_win,1803.58984375,1863.55029297,-59.9604492200001,1
182,2016,Round Of 16,Match 3,real madrid,napoli,2017-02-15,real madrid,1.2204495257892685,1.5833333333333337,0.8227220739611132,0.9775962918000222,1.0,0.9302884615384616,1.168948145132563,1.3636363636363635,0.843329253365973,1.0,-0.4937388193202147,0,1.0,team1_win,2038.34729004,1817.23095703,221.11633301000006,1
183,2016,Round Of 16,Match 4,bayern munich,arsenal,2017-02-15,bayern munich,1.0139900797616237,1.0,1.0392017106201,1.6614313561681984,1.5714285714285714,1.9002849002849007,1.115862398471094,1.0714285714285714,1.2158385093167705,0.5714285714285714,0.5974235104669887,0,1.0,team1_win,2004.50500488,1856.79064941,147.71435546999987,1
184,2016,Round Of 16,Match 5,porto,juventus,2017-02-22,juventus,0.3908847184986595,0.6923076923076923,0.0,0.5644955300127713,0.3999999999999999,0.7407407407407407,0.4459459459459459,0.6470588235294118,0.0,-1.0,-1.4074074074074074,0,0.0,team2_win,1775.81689453,1931.91174316,-156.09484863000012,1
185,2016,Round Of 16,Match 6,bayer leverkusen,atletico madrid,2017-02-21,atletico madrid,1.1946207536427471,1.3181818181818183,1.0398936170212765,0.6613195968954728,0.5333333333333333,0.8714833759590793,0.7827814216392044,0.6944444444444444,1.0734385724090596,0.0,-0.0506883604505631,7,0.0,team2_win,1786.97668457,1930.11853027,-143.14184569999998,1
186,2016,Round Of 16,Match 7,manchester city,monaco,2017-02-21,monaco,1.0210602759622367,1.4166666666666667,0.6694101508916324,0.9761388286334054,0.923076923076923,1.1454545454545455,1.015241882041087,1.0909090909090908,0.8957264957264958,0.5714285714285714,-0.8293650793650793,0,0.0,team2_win,1848.70678711,1816.93322754,31.77355957000009,1
187,2016,Round Of 16,Match 8,sevilla,leicester city,2017-02-22,leicester city,1.5701754385964914,1.1250000000000002,2.333333333333333,1.5382308845577208,2.0,1.2413793103448276,1.272113762352374,1.0769230769230769,2.148148148148148,0.7142857142857143,1.6551724137931034,0,0.0,team2_win,1844.4362793,1676.09326172,168.34301757999992,1
188,2016,Quarter Finals,Match 1,juventus,barcelona,2017-04-11,juventus,0.6860739979445016,0.6538461538461539,0.7360419397116644,2.645888594164456,6.0,1.1965811965811963,1.2253139066571903,1.2777777777777777,1.1142857142857143,0.1111111111111111,-0.586080586080586,0,1.0,team1_win,1929.18945312,2014.65307617,-85.46362305000002,1
189,2016,Quarter Finals,Match 2,borussia dortmund,monaco,2017-04-12,monaco,0.8474810716365754,1.0666666666666669,0.6102183141297757,0.947831116252169,1.0,0.8326530612244898,0.7513261817753153,0.7764705882352941,0.7062243502051984,0.1333333333333333,-1.2697478991596638,6,0.0,team2_win,1895.25683594,1842.70166016,52.5551757799999,1
190,2016,Quarter Finals,Match 3,bayern munich,real madrid,2017-04-12,real madrid,1.1498655913978495,1.0416666666666667,1.3801605504587156,1.5291777188328912,1.2999999999999998,2.293103448275862,0.9831800262812088,0.8571428571428571,1.355140186915888,0.4444444444444444,1.3609913793103448,0,0.0,team2_win,2031.90661621,2035.05895996,-3.15234375,1
191,2016,Quarter Finals,Match 4,atletico madrid,leicester city,2017-04-12,atletico madrid,1.311074918566775,1.2,1.4583333333333333,2.1000000000000005,2.25,1.9764705882352944,1.410647510332612,1.3750000000000002,1.5310077519379843,0.7777777777777777,1.3666666666666667,0,1.0,team1_win,1952.7442627,1725.43237305,227.31188965,1
192,2016,Semi Finals,Match 1,real madrid,atletico madrid,2017-05-02,real madrid,1.5759461475854584,2.1538461538461537,1.0279796511627906,0.5741696427716553,0.5333333333333334,0.644975525482292,1.0267807347235691,1.0434782608695652,0.984197443181818,0.7272727272727273,-0.3665081521739131,0,1.0,team1_win,2052.10986328,1960.421875,91.6879882799999,1
193,2016,Semi Finals,Match 2,monaco,juventus,2017-05-03,juventus,1.1776192902020717,1.105263157894737,1.2666666666666666,0.2954752239641657,0.1111111111111111,0.7259306803594352,0.8169559442605975,0.7407407407407407,0.9953129307968016,-1.2727272727272727,0.2732793522267207,0,0.0,team2_win,1879.56384277,1958.49584961,-78.93200683999999,1
194,2016,Final,Match 1,juventus,real madrid,2017-06-03,real madrid,0.8004611532433844,0.6666666666666667,1.0618137805826922,2.038352675928404,2.571428571428572,1.4938192668371697,1.1559761316840722,1.111111111111111,1.2713774597495526,0.0,0.510953825412875,0,0.0,team2_win,1955.60644531,2071.78198242,-116.17553711000005,1
