Rank,Club,Country,Level,Elo,From,To
None,APOEL,CYP,0,885.664001465,1963-07-03,1963-09-08
None,APOEL,CYP,0,1041.38500977,1963-09-09,1963-09-11
None,APOEL,CYP,0,1041.3001709,1963-09-12,1963-09-28
None,APOEL,CYP,0,1071.68383789,1963-09-29,1963-10-01
None,APOEL,CYP,0,1071.56201172,1963-10-02,1963-11-13
None,APOEL,CYP,0,1071.390625,1963-11-14,1963-11-20
None,APOEL,CYP,0,1071.21289062,1963-11-21,1964-07-01
None,APOEL,CYP,0,1034.09729004,1965-07-01,1965-09-26
None,APOEL,CYP,0,1031.73608398,1965-09-27,1965-10-06
None,APOEL,CYP,0,1031.6862793,1965-10-07,1965-10-10
None,APOEL,CYP,0,1032.27709961,1965-10-11,1965-10-13
None,APOEL,CYP,0,1032.20568848,1965-10-14,1966-07-02
None,APOEL,CYP,0,1001.09008789,1968-07-02,1968-09-18
None,APOEL,CYP,0,1003.84802246,1968-09-19,1968-09-20
None,APOEL,CYP,0,1008.15527344,1968-09-21,1968-09-22
None,APOEL,CYP,0,1008.33703613,1968-09-23,1968-09-26
None,APOEL,CYP,0,1008.32336426,1968-09-27,1968-10-02
None,APOEL,CYP,0,1007.96984863,1968-10-03,1968-11-13
None,APOEL,CYP,0,1002.27697754,1968-11-14,1968-11-27
None,APOEL,CYP,0,1024.37927246,1968-11-28,1969-02-26
None,APOEL,CYP,0,1026.66882324,1969-02-27,1969-03-12
None,APOEL,CYP,0,1023.25201416,1969-03-13,1969-09-17
None,APOEL,CYP,0,1011.73553467,1969-09-18,1969-09-24
None,APOEL,CYP,0,1011.61315918,1969-09-25,1969-09-30
None,APOEL,CYP,0,1011.60180664,1969-10-01,1969-10-01
None,APOEL,CYP,0,1001.94586182,1969-10-02,1970-07-01
None,APOEL,CYP,1,1128.25549316,1973-07-01,1973-09-17
None,APOEL,CYP,1,1128.22009277,1973-09-18,1973-09-19
None,APOEL,CYP,1,1129.99450684,1973-09-20,1973-09-23
None,APOEL,CYP,1,1127.01916504,1973-09-24,1973-09-30
None,APOEL,CYP,1,1126.2755127,1973-10-01,1973-10-02
None,APOEL,CYP,1,1123.5670166,1973-10-03,1973-10-03
None,APOEL,CYP,1,1136.87597656,1973-10-04,1973-10-07
None,APOEL,CYP,1,1130.7409668,1973-10-08,1973-10-14
None,APOEL,CYP,1,1126.17028809,1973-10-15,1973-10-21
None,APOEL,CYP,1,1123.1171875,1973-10-22,1973-10-24
None,APOEL,CYP,1,1127.83178711,1973-10-25,1973-10-29
None,APOEL,CYP,1,1126.21923828,1973-10-30,1973-11-04
None,APOEL,CYP,1,1138.97558594,1973-11-05,1973-11-07
None,APOEL,CYP,1,1143.19580078,1973-11-08,1973-11-11
None,APOEL,CYP,1,1136.7199707,1973-11-12,1973-12-02
None,APOEL,CYP,1,1143.95263672,1973-12-03,1973-12-09
None,APOEL,CYP,1,1150.90283203,1973-12-10,1973-12-16
None,APOEL,CYP,1,1145.3182373,1973-12-17,1973-12-23
None,APOEL,CYP,1,1151.03393555,1973-12-24,1973-12-30
None,APOEL,CYP,1,1150.18139648,1973-12-31,1974-01-06
None,APOEL,CYP,1,1158.56726074,1974-01-07,1974-01-13
None,APOEL,CYP,1,1155.97705078,1974-01-14,1974-01-20
None,APOEL,CYP,1,1161.93261719,1974-01-21,1974-01-27
None,APOEL,CYP,1,1159.71020508,1974-01-28,1974-02-03
None,APOEL,CYP,1,1158.62390137,1974-02-04,1974-02-10
None,APOEL,CYP,1,1156.64025879,1974-02-11,1974-02-17
None,APOEL,CYP,1,1155.35534668,1974-02-18,1974-03-03
None,APOEL,CYP,1,1159.75415039,1974-03-04,1974-03-10
None,APOEL,CYP,1,1155.25756836,1974-03-11,1974-03-17
None,APOEL,CYP,1,1145.70568848,1974-03-18,1974-03-24
None,APOEL,CYP,1,1142.01879883,1974-03-25,1974-03-31
None,APOEL,CYP,1,1150.56481934,1974-04-01,1974-04-07
None,APOEL,CYP,1,1164.85327148,1974-04-08,1974-04-14
None,APOEL,CYP,1,1161.34741211,1974-04-15,1974-04-21
None,APOEL,CYP,1,1171.7421875,1974-04-22,1974-04-28
None,APOEL,CYP,1,1176.07373047,1974-04-29,1974-05-12
None,APOEL,CYP,1,1181.5604248,1974-05-13,1974-05-19
None,APOEL,CYP,1,1178.14526367,1974-05-20,1974-06-05
None,APOEL,CYP,1,1184.61193848,1974-06-06,1974-06-09
None,APOEL,CYP,1,1187.00463867,1974-06-10,1974-06-19
None,APOEL,CYP,1,1196.05297852,1974-06-20,1975-07-02
None,APOEL,CYP,0,1033.17932129,1976-07-03,1976-09-14
None,APOEL,CYP,0,1033.14465332,1976-09-15,1976-09-15
None,APOEL,CYP,0,1050.15686035,1976-09-16,1976-09-28
None,APOEL,CYP,0,1050.13757324,1976-09-29,1976-09-29
None,APOEL,CYP,0,1095.67480469,1976-09-30,1976-10-20
None,APOEL,CYP,0,1095.8536377,1976-10-21,1976-11-04
None,APOEL,CYP,0,1095.49804688,1976-11-05,1977-09-14
None,APOEL,CYP,0,1095.32849121,1977-09-15,1977-09-15
None,APOEL,CYP,0,1093.68139648,1977-09-16,1977-09-28
None,APOEL,CYP,0,1093.67321777,1977-09-29,1978-09-13
None,APOEL,CYP,0,1076.24633789,1978-09-14,1978-09-27
None,APOEL,CYP,0,1074.8762207,1978-09-28,1979-08-14
None,APOEL,CYP,0,1069.25976562,1979-08-15,1979-09-07
None,APOEL,CYP,0,1068.3026123,1979-09-08,1979-09-19
None,APOEL,CYP,0,1068.87646484,1979-09-20,1979-10-03
None,APOEL,CYP,0,1090.01220703,1979-10-04,1979-10-04
None,APOEL,CYP,0,1089.51660156,1979-10-05,1979-10-24
None,APOEL,CYP,0,1089.47741699,1979-10-25,1979-11-07
None,APOEL,CYP,0,1089.48278809,1979-11-08,1980-09-17
None,APOEL,CYP,0,1089.01831055,1980-09-18,1980-09-24
None,APOEL,CYP,0,1089.01257324,1980-09-25,1980-10-01
None,APOEL,CYP,0,1088.87817383,1980-10-02,1981-09-16
None,APOEL,CYP,0,1090.17211914,1981-09-17,1981-09-30
None,APOEL,CYP,0,1086.98901367,1981-10-01,1982-07-06
None,APOEL,CYP,0,1058.24853516,1984-07-01,1984-09-19
None,APOEL,CYP,0,1057.77819824,1984-09-20,1984-10-03
None,APOEL,CYP,0,1057.76049805,1984-10-04,1985-09-18
None,APOEL,CYP,0,1079.38684082,1985-09-19,1985-10-02
None,APOEL,CYP,0,1080.07446289,1985-10-03,1985-10-23
None,APOEL,CYP,0,1080.12719727,1985-10-24,1985-11-07
None,APOEL,CYP,0,1080.05334473,1985-11-08,1986-09-17
None,APOEL,CYP,0,1086.1015625,1986-09-18,1986-10-01
None,APOEL,CYP,0,1105.61779785,1986-10-02,1987-07-01
None,APOEL,CYP,0,1103.06616211,1988-07-03,1988-09-06
None,APOEL,CYP,0,1102.30200195,1988-09-07,1988-09-07
None,APOEL,CYP,0,1103.20910645,1988-09-08,1988-10-05
None,APOEL,CYP,0,1101.16320801,1988-10-06,1989-07-02
None,APOEL,CYP,0,1100.42431641,1990-07-02,1990-09-19
None,APOEL,CYP,0,1102.21679688,1990-09-20,1990-10-03
None,APOEL,CYP,0,1123.86437988,1990-10-04,1990-10-24
None,APOEL,CYP,0,1123.98095703,1990-10-25,1990-11-07
None,APOEL,CYP,0,1123.79785156,1990-11-08,1991-07-02
None,APOEL,CYP,0,1148.60766602,1992-07-01,1992-09-16
None,APOEL,CYP,0,1154.98950195,1992-09-17,1992-09-28
None,APOEL,CYP,0,1154.88916016,1992-09-29,1992-09-29
None,APOEL,CYP,0,1154.8717041,1992-09-30,1992-09-30
None,APOEL,CYP,0,1148.04211426,1992-10-01,1993-08-18
None,APOEL,CYP,0,1162.00720215,1993-08-19,1993-09-01
None,APOEL,CYP,0,1167.00488281,1993-09-02,1993-09-14
None,APOEL,CYP,0,1165.67016602,1993-09-15,1993-09-28
None,APOEL,CYP,0,1165.56799316,1993-09-29,1993-09-29
None,APOEL,CYP,0,1198.23742676,1993-09-30,1993-10-20
None,APOEL,CYP,0,1198.32043457,1993-10-21,1993-11-03
None,APOEL,CYP,0,1198.19812012,1993-11-04,1994-07-13
None,APOEL,CYP,0,1235.24316406,1995-07-01,1995-08-08
None,APOEL,CYP,0,1238.06494141,1995-08-09,1995-08-09
None,APOEL,CYP,0,1237.95239258,1995-08-10,1995-08-10
None,APOEL,CYP,0,1257.56591797,1995-08-11,1995-08-22
None,APOEL,CYP,0,1258.00549316,1995-08-23,1995-08-23
None,APOEL,CYP,0,1256.03198242,1995-08-24,1995-08-24
None,APOEL,CYP,0,1257.97119141,1995-08-25,1995-09-12
None,APOEL,CYP,0,1257.92773438,1995-09-13,1995-09-14
None,APOEL,CYP,0,1259.40185547,1995-09-15,1995-09-26
None,APOEL,CYP,0,1259.39868164,1995-09-27,1995-09-28
None,APOEL,CYP,0,1256.73828125,1995-09-29,1996-07-17
None,APOEL,CYP,0,1269.66723633,1996-07-18,1996-07-24
None,APOEL,CYP,0,1270.39538574,1996-07-25,1996-08-06
None,APOEL,CYP,0,1291.21264648,1996-08-07,1996-08-08
None,APOEL,CYP,0,1287.0390625,1996-08-09,1996-08-20
None,APOEL,CYP,0,1317.70422363,1996-08-21,1996-08-22
None,APOEL,CYP,0,1327.74511719,1996-08-23,1996-09-10
None,APOEL,CYP,0,1327.50036621,1996-09-11,1996-09-12
None,APOEL,CYP,0,1327.37695312,1996-09-13,1996-09-24
None,APOEL,CYP,0,1326.28393555,1996-09-25,1996-09-26
None,APOEL,CYP,0,1326.25097656,1996-09-27,1997-07-23
None,APOEL,CYP,0,1332.3671875,1997-07-24,1997-07-30
None,APOEL,CYP,0,1342.59680176,1997-07-31,1997-08-12
None,APOEL,CYP,0,1341.59655762,1997-08-13,1997-08-13
None,APOEL,CYP,0,1350.87536621,1997-08-14,1997-08-14
None,APOEL,CYP,0,1350.18127441,1997-08-15,1997-08-26
None,APOEL,CYP,0,1342.87695312,1997-08-27,1997-08-27
None,APOEL,CYP,0,1332.15087891,1997-08-28,1997-08-28
None,APOEL,CYP,0,1334.63964844,1997-08-29,1997-09-16
None,APOEL,CYP,0,1335.22875977,1997-09-17,1997-09-18
None,APOEL,CYP,0,1333.47753906,1997-09-19,1997-09-30
None,APOEL,CYP,0,1332.58886719,1997-10-01,1997-10-02
None,APOEL,CYP,0,1330.52197266,1997-10-03,1998-07-03
None,APOEL,CYP,0,1286.37939453,1999-07-01,1999-07-28
None,APOEL,CYP,0,1288.72741699,1999-07-29,1999-08-04
None,APOEL,CYP,0,1298.01843262,1999-08-05,1999-08-11
None,APOEL,CYP,0,1297.63464355,1999-08-12,1999-08-12
None,APOEL,CYP,0,1304.3548584,1999-08-13,1999-08-25
None,APOEL,CYP,0,1304.25195312,1999-08-26,1999-08-26
None,APOEL,CYP,0,1297.85021973,1999-08-27,1999-09-16
None,APOEL,CYP,0,1301.24902344,1999-09-17,1999-09-30
None,APOEL,CYP,0,1294.45373535,1999-10-01,2000-07-26
None,APOEL,CYP,0,1293.81835938,2000-07-27,2000-08-02
None,APOEL,CYP,0,1292.92211914,2000-08-03,2000-08-10
None,APOEL,CYP,0,1301.44311523,2000-08-11,2000-08-24
None,APOEL,CYP,0,1300.39208984,2000-08-25,2000-09-14
None,APOEL,CYP,0,1298.06323242,2000-09-15,2000-09-28
None,APOEL,CYP,0,1297.20935059,2000-09-29,2001-07-01
None,APOEL,CYP,0,1315.1361084,2002-07-01,2002-07-17
None,APOEL,CYP,0,1314.02722168,2002-07-18,2002-07-24
None,APOEL,CYP,0,1318.74035645,2002-07-25,2002-07-31
None,APOEL,CYP,0,1318.60449219,2002-08-01,2002-08-07
None,APOEL,CYP,0,1349.28222656,2002-08-08,2002-08-13
None,APOEL,CYP,0,1347.25097656,2002-08-14,2002-08-15
None,APOEL,CYP,0,1341.18713379,2002-08-16,2002-08-28
None,APOEL,CYP,0,1341.06750488,2002-08-29,2002-08-29
None,APOEL,CYP,0,1341.42919922,2002-08-30,2002-09-19
None,APOEL,CYP,0,1359.25854492,2002-09-20,2002-10-03
None,APOEL,CYP,0,1392.42895508,2002-10-04,2002-10-31
None,APOEL,CYP,0,1391.24267578,2002-11-01,2002-11-07
None,APOEL,CYP,0,1389.36621094,2002-11-08,2002-11-14
None,APOEL,CYP,0,1386.46606445,2002-11-15,2003-07-16
None,APOEL,CYP,0,1383.72106934,2003-07-17,2003-07-23
None,APOEL,CYP,0,1388.42602539,2003-07-24,2003-07-30
None,APOEL,CYP,0,1387.51647949,2003-07-31,2003-08-06
None,APOEL,CYP,0,1387.40686035,2003-08-07,2003-08-14
None,APOEL,CYP,0,1383.43933105,2003-08-15,2003-08-28
None,APOEL,CYP,0,1382.91540527,2003-08-29,2003-09-24
None,APOEL,CYP,0,1381.26794434,2003-09-25,2003-10-15
None,APOEL,CYP,0,1380.22167969,2003-10-16,2004-07-15
None,APOEL,CYP,0,1389.87304688,2004-07-16,2004-07-28
None,APOEL,CYP,0,1389.15783691,2004-07-29,2004-07-29
None,APOEL,CYP,0,1392.08544922,2004-07-30,2004-08-04
None,APOEL,CYP,0,1389.5111084,2004-08-05,2004-08-10
None,APOEL,CYP,0,1388.08068848,2004-08-11,2004-08-26
None,APOEL,CYP,0,1383.91088867,2004-08-27,2005-07-12
None,APOEL,CYP,0,1385.60400391,2005-07-13,2005-07-14
None,APOEL,CYP,0,1388.89733887,2005-07-15,2005-07-20
None,APOEL,CYP,0,1391.71166992,2005-07-21,2005-07-26
None,APOEL,CYP,0,1400.17675781,2005-07-27,2005-07-28
None,APOEL,CYP,0,1401.53662109,2005-07-29,2005-08-03
None,APOEL,CYP,0,1412.18310547,2005-08-04,2005-08-09
None,APOEL,CYP,0,1410.03283691,2005-08-10,2005-08-11
None,APOEL,CYP,0,1414.45446777,2005-08-12,2005-08-24
None,APOEL,CYP,0,1413.43859863,2005-08-25,2005-08-25
None,APOEL,CYP,0,1422.60766602,2005-08-26,2005-09-15
None,APOEL,CYP,0,1420.57519531,2005-09-16,2005-09-29
None,APOEL,CYP,0,1415.49951172,2005-09-30,2006-07-12
None,APOEL,CYP,0,1411.0020752,2006-07-13,2006-07-13
None,APOEL,CYP,0,1415.79003906,2006-07-14,2006-07-19
None,APOEL,CYP,0,1406.51135254,2006-07-20,2006-07-27
None,APOEL,CYP,0,1411.55725098,2006-07-28,2006-08-08
None,APOEL,CYP,0,1411.04187012,2006-08-09,2006-08-10
None,APOEL,CYP,0,1406.27197266,2006-08-11,2006-08-24
None,APOEL,CYP,0,1417.33581543,2006-08-25,2006-09-14
None,APOEL,CYP,0,1418.09545898,2006-09-15,2006-09-28
None,APOEL,CYP,0,1416.29003906,2006-09-29,2007-07-17
None,APOEL,CYP,0,1426.28222656,2007-07-18,2007-07-19
None,APOEL,CYP,0,1432.38659668,2007-07-20,2007-07-24
None,APOEL,CYP,0,1392.07727051,2007-07-25,2007-08-02
None,APOEL,CYP,0,1395.15991211,2007-08-03,2007-08-16
None,APOEL,CYP,0,1410.59875488,2007-08-17,2007-08-30
None,APOEL,CYP,0,1410.84313965,2007-08-31,2007-09-20
None,APOEL,CYP,0,1409.5657959,2007-09-21,2007-10-04
None,APOEL,CYP,0,1409.56652832,2007-10-05,2008-07-15
None,APOEL,CYP,0,1410.6784668,2008-07-16,2008-07-17
None,APOEL,CYP,0,1414.95568848,2008-07-18,2008-07-23
None,APOEL,CYP,0,1417.72851562,2008-07-24,2008-07-30
None,APOEL,CYP,0,1432.48144531,2008-07-31,2008-07-31
None,APOEL,CYP,0,1442.08813477,2008-08-01,2008-08-06
None,APOEL,CYP,0,1438.02478027,2008-08-07,2008-08-13
None,APOEL,CYP,0,1454.42419434,2008-08-14,2008-08-14
None,APOEL,CYP,0,1456.2701416,2008-08-15,2008-08-27
None,APOEL,CYP,0,1461.2701416,2008-08-28,2008-08-28
None,APOEL,CYP,0,1488.97668457,2008-08-29,2008-09-16
None,APOEL,CYP,0,1487.36437988,2008-09-17,2008-09-18
None,APOEL,CYP,0,1485.39831543,2008-09-19,2008-10-01
None,APOEL,CYP,0,1493.77050781,2008-10-02,2008-10-02
None,APOEL,CYP,0,1492.97839355,2008-10-03,2008-10-22
None,APOEL,CYP,0,1492.38452148,2008-10-23,2008-11-04
None,APOEL,CYP,0,1496.45507812,2008-11-05,2008-11-26
None,APOEL,CYP,0,1497.74157715,2008-11-27,2008-12-09
None,APOEL,CYP,0,1495.31494141,2008-12-10,2009-07-02
None,APOEL,CYP,0,1495.39807129,2009-07-03,2009-07-09
None,APOEL,CYP,0,1495.4029541,2009-07-10,2009-07-14
None,APOEL,CYP,0,1495.55749512,2009-07-15,2009-07-16
None,APOEL,CYP,0,1495.42285156,2009-07-17,2009-07-21
None,APOEL,CYP,0,1495.49731445,2009-07-22,2009-07-23
None,APOEL,CYP,0,1476.68640137,2009-07-24,2009-07-29
None,APOEL,CYP,0,1496.45727539,2009-07-30,2009-07-30
None,APOEL,CYP,0,1488.29589844,2009-07-31,2009-08-04
None,APOEL,CYP,0,1485.15368652,2009-08-05,2009-08-05
None,APOEL,CYP,0,1485.65026855,2009-08-06,2009-08-06
None,APOEL,CYP,0,1482.8972168,2009-08-07,2009-08-18
None,APOEL,CYP,0,1479.15466309,2009-08-19,2009-08-26
None,APOEL,CYP,0,1512.1550293,2009-08-27,2009-09-15
None,APOEL,CYP,0,1525.39880371,2009-09-16,2009-09-30
None,APOEL,CYP,0,1523.1463623,2009-10-01,2009-10-21
None,APOEL,CYP,0,1520.93859863,2009-10-22,2009-11-03
None,APOEL,CYP,0,1516.02905273,2009-11-04,2009-11-25
None,APOEL,CYP,0,1522.97607422,2009-11-26,2009-12-08
None,APOEL,CYP,0,1537.70544434,2009-12-09,2010-07-01
None,APOEL,CYP,0,1538.2421875,2010-07-02,2010-07-08
None,APOEL,CYP,0,1538.31274414,2010-07-09,2010-07-13
None,APOEL,CYP,0,1539.87744141,2010-07-14,2010-07-15
None,APOEL,CYP,0,1528.73962402,2010-07-16,2010-07-20
None,APOEL,CYP,0,1529.30419922,2010-07-21,2010-07-22
None,APOEL,CYP,0,1544.11828613,2010-07-23,2010-07-27
None,APOEL,CYP,0,1543.38891602,2010-07-28,2010-07-29
None,APOEL,CYP,0,1544.51464844,2010-07-30,2010-08-04
None,APOEL,CYP,0,1539.06152344,2010-08-05,2010-08-05
None,APOEL,CYP,0,1565.17443848,2010-08-06,2010-08-19
None,APOEL,CYP,0,1554.87548828,2010-08-20,2010-08-24
None,APOEL,CYP,0,1554.4329834,2010-08-25,2010-08-26
None,APOEL,CYP,0,1551.10400391,2010-08-27,2011-07-13
None,APOEL,CYP,0,1552.50390625,2011-07-14,2011-07-14
None,APOEL,CYP,0,1554.78149414,2011-07-15,2011-07-20
None,APOEL,CYP,0,1555.60375977,2011-07-21,2011-07-21
None,APOEL,CYP,0,1554.92138672,2011-07-22,2011-07-26
None,APOEL,CYP,0,1549.25683594,2011-07-27,2011-07-28
None,APOEL,CYP,0,1555.65393066,2011-07-29,2011-08-03
None,APOEL,CYP,0,1572.11083984,2011-08-04,2011-08-04
None,APOEL,CYP,0,1573.0456543,2011-08-05,2011-08-17
None,APOEL,CYP,0,1563.9765625,2011-08-18,2011-08-18
None,APOEL,CYP,0,1567.71398926,2011-08-19,2011-08-23
None,APOEL,CYP,0,1588.84594727,2011-08-24,2011-08-25
None,APOEL,CYP,0,1588.9609375,2011-08-26,2011-09-13
None,APOEL,CYP,0,1604.82958984,2011-09-14,2011-09-15
None,APOEL,CYP,0,1603.07324219,2011-09-16,2011-09-28
None,APOEL,CYP,0,1613.98254395,2011-09-29,2011-09-29
None,APOEL,CYP,0,1612.82067871,2011-09-30,2011-10-19
97,APOEL,CYP,0,1625.93725586,2011-10-20,2011-10-20
None,APOEL,CYP,0,1620.90881348,2011-10-21,2011-10-24
100,APOEL,CYP,0,1620.90881348,2011-10-25,2011-10-26
None,APOEL,CYP,0,1620.90881348,2011-10-27,2011-10-29
100,APOEL,CYP,0,1620.90881348,2011-10-30,2011-10-30
99,APOEL,CYP,0,1620.90881348,2011-10-31,2011-10-31
98,APOEL,CYP,0,1620.90881348,2011-11-01,2011-11-01
88,APOEL,CYP,0,1642.01538086,2011-11-02,2011-11-03
86,APOEL,CYP,0,1646.44995117,2011-11-04,2011-11-05
85,APOEL,CYP,0,1646.44995117,2011-11-06,2011-11-06
86,APOEL,CYP,0,1646.44995117,2011-11-07,2011-11-18
87,APOEL,CYP,0,1646.44995117,2011-11-19,2011-11-19
86,APOEL,CYP,0,1646.44995117,2011-11-20,2011-11-20
85,APOEL,CYP,0,1646.44995117,2011-11-21,2011-11-23
79,APOEL,CYP,0,1655.58935547,2011-11-24,2011-11-26
77,APOEL,CYP,0,1655.58935547,2011-11-27,2011-11-27
75,APOEL,CYP,0,1655.58935547,2011-11-28,2011-12-01
71,APOEL,CYP,0,1659.78259277,2011-12-02,2011-12-04
70,APOEL,CYP,0,1659.78259277,2011-12-05,2011-12-06
83,APOEL,CYP,0,1643.15185547,2011-12-07,2011-12-10
82,APOEL,CYP,0,1643.15185547,2011-12-11,2011-12-11
81,APOEL,CYP,0,1643.15185547,2011-12-12,2011-12-14
83,APOEL,CYP,0,1638.70178223,2011-12-15,2011-12-15
84,APOEL,CYP,0,1638.70178223,2011-12-16,2011-12-16
85,APOEL,CYP,0,1638.70178223,2011-12-17,2011-12-17
88,APOEL,CYP,0,1638.70178223,2011-12-18,2011-12-18
86,APOEL,CYP,0,1638.70178223,2011-12-19,2011-12-19
85,APOEL,CYP,0,1638.70178223,2011-12-20,2011-12-21
83,APOEL,CYP,0,1638.70178223,2011-12-22,2011-12-26
84,APOEL,CYP,0,1638.70178223,2011-12-27,2012-01-08
85,APOEL,CYP,0,1638.70178223,2012-01-09,2012-01-14
88,APOEL,CYP,0,1638.70178223,2012-01-15,2012-01-15
87,APOEL,CYP,0,1638.70178223,2012-01-16,2012-01-20
88,APOEL,CYP,0,1638.70178223,2012-01-21,2012-01-21
87,APOEL,CYP,0,1638.70178223,2012-01-22,2012-01-22
86,APOEL,CYP,0,1638.70178223,2012-01-23,2012-01-28
85,APOEL,CYP,0,1638.70178223,2012-01-29,2012-01-30
84,APOEL,CYP,0,1638.70178223,2012-01-31,2012-01-31
85,APOEL,CYP,0,1638.70178223,2012-02-01,2012-02-04
84,APOEL,CYP,0,1638.70178223,2012-02-05,2012-02-05
86,APOEL,CYP,0,1638.70178223,2012-02-06,2012-02-08
87,APOEL,CYP,0,1638.70178223,2012-02-09,2012-02-11
86,APOEL,CYP,0,1638.70178223,2012-02-12,2012-02-12
89,APOEL,CYP,0,1638.70178223,2012-02-13,2012-02-14
93,APOEL,CYP,0,1633.80822754,2012-02-15,2012-02-15
92,APOEL,CYP,0,1633.80822754,2012-02-16,2012-02-16
93,APOEL,CYP,0,1633.80822754,2012-02-17,2012-02-17
92,APOEL,CYP,0,1633.80822754,2012-02-18,2012-02-18
94,APOEL,CYP,0,1633.80822754,2012-02-19,2012-02-19
95,APOEL,CYP,0,1633.80822754,2012-02-20,2012-02-20
94,APOEL,CYP,0,1633.80822754,2012-02-21,2012-02-21
93,APOEL,CYP,0,1633.80822754,2012-02-22,2012-02-22
94,APOEL,CYP,0,1633.80822754,2012-02-23,2012-02-23
92,APOEL,CYP,0,1633.80822754,2012-02-24,2012-02-25
89,APOEL,CYP,0,1633.80822754,2012-02-26,2012-02-26
87,APOEL,CYP,0,1633.80822754,2012-02-27,2012-03-03
88,APOEL,CYP,0,1633.80822754,2012-03-04,2012-03-04
87,APOEL,CYP,0,1633.80822754,2012-03-05,2012-03-05
88,APOEL,CYP,0,1633.80822754,2012-03-06,2012-03-06
87,APOEL,CYP,0,1633.80822754,2012-03-07,2012-03-07
81,APOEL,CYP,0,1644.77648926,2012-03-08,2012-03-08
82,APOEL,CYP,0,1644.77648926,2012-03-09,2012-03-10
83,APOEL,CYP,0,1644.77648926,2012-03-11,2012-03-11
84,APOEL,CYP,0,1644.77648926,2012-03-12,2012-03-13
85,APOEL,CYP,0,1644.77648926,2012-03-14,2012-03-15
89,APOEL,CYP,0,1644.77648926,2012-03-16,2012-03-21
90,APOEL,CYP,0,1644.77648926,2012-03-22,2012-03-24
91,APOEL,CYP,0,1644.77648926,2012-03-25,2012-03-25
90,APOEL,CYP,0,1644.77648926,2012-03-26,2012-03-27
90,APOEL,CYP,0,1643.25305176,2012-03-28,2012-03-31
89,APOEL,CYP,0,1643.25305176,2012-04-01,2012-04-04
89,APOEL,CYP,0,1642.89794922,2012-04-05,2012-04-05
90,APOEL,CYP,0,1642.89794922,2012-04-06,2012-04-08
91,APOEL,CYP,0,1642.89794922,2012-04-09,2012-04-10
90,APOEL,CYP,0,1642.89794922,2012-04-11,2012-04-11
89,APOEL,CYP,0,1642.89794922,2012-04-12,2012-04-12
88,APOEL,CYP,0,1642.89794922,2012-04-13,2012-04-13
87,APOEL,CYP,0,1642.89794922,2012-04-14,2012-04-14
88,APOEL,CYP,0,1642.89794922,2012-04-15,2012-04-16
89,APOEL,CYP,0,1642.89794922,2012-04-17,2012-04-18
88,APOEL,CYP,0,1642.89794922,2012-04-19,2012-04-21
90,APOEL,CYP,0,1642.89794922,2012-04-22,2012-04-22
91,APOEL,CYP,0,1642.89794922,2012-04-23,2012-04-24
92,APOEL,CYP,0,1642.89794922,2012-04-25,2012-04-25
90,APOEL,CYP,0,1642.89794922,2012-04-26,2012-04-28
87,APOEL,CYP,0,1642.89794922,2012-04-29,2012-05-01
88,APOEL,CYP,0,1642.89794922,2012-05-02,2012-05-02
89,APOEL,CYP,0,1642.89794922,2012-05-03,2012-05-06
90,APOEL,CYP,0,1642.89794922,2012-05-07,2012-05-07
88,APOEL,CYP,0,1642.89794922,2012-05-08,2012-05-12
87,APOEL,CYP,0,1642.89794922,2012-05-13,2012-05-13
89,APOEL,CYP,0,1642.89794922,2012-05-14,2012-05-16
88,APOEL,CYP,0,1642.89794922,2012-05-17,2012-05-20
87,APOEL,CYP,0,1642.89794922,2012-05-21,2012-05-27
88,APOEL,CYP,0,1642.89794922,2012-05-28,2012-06-03
89,APOEL,CYP,0,1642.89794922,2012-06-04,2012-06-16
88,APOEL,CYP,0,1642.89794922,2012-06-17,2012-07-18
87,APOEL,CYP,0,1643.46264648,2012-07-19,2012-07-19
87,APOEL,CYP,0,1648.21533203,2012-07-20,2012-07-25
87,APOEL,CYP,0,1648.20617676,2012-07-26,2012-07-26
85,APOEL,CYP,0,1650.12683105,2012-07-27,2012-08-01
83,APOEL,CYP,0,1653.09606934,2012-08-02,2012-08-02
82,APOEL,CYP,0,1654.30041504,2012-08-03,2012-08-07
80,APOEL,CYP,0,1654.30041504,2012-08-08,2012-08-08
75,APOEL,CYP,0,1661.14904785,2012-08-09,2012-08-09
88,APOEL,CYP,0,1644.52600098,2012-08-10,2012-08-12
89,APOEL,CYP,0,1644.52600098,2012-08-13,2012-08-18
90,APOEL,CYP,0,1644.52600098,2012-08-19,2012-08-21
89,APOEL,CYP,0,1644.52600098,2012-08-22,2012-08-22
88,APOEL,CYP,0,1647.09350586,2012-08-23,2012-08-23
87,APOEL,CYP,0,1646.24438477,2012-08-24,2012-08-25
84,APOEL,CYP,0,1646.24438477,2012-08-26,2012-08-26
83,APOEL,CYP,0,1646.24438477,2012-08-27,2012-08-28
88,APOEL,CYP,0,1641.8302002,2012-08-29,2012-08-29
89,APOEL,CYP,0,1641.8302002,2012-08-30,2012-08-30
None,APOEL,CYP,0,1584.33911133,2012-08-31,2012-09-20
None,APOEL,CYP,0,1587.1204834,2012-09-21,2012-10-04
None,APOEL,CYP,0,1585.26794434,2012-10-05,2012-10-25
None,APOEL,CYP,0,1582.62414551,2012-10-26,2012-11-08
None,APOEL,CYP,0,1581.2043457,2012-11-09,2012-11-22
None,APOEL,CYP,0,1580.25415039,2012-11-23,2012-12-06
None,APOEL,CYP,0,1591.015625,2012-12-07,2013-07-18
None,APOEL,CYP,0,1596.18579102,2013-07-19,2013-07-25
None,APOEL,CYP,0,1573.09570312,2013-07-26,2013-07-31
None,APOEL,CYP,0,1565.17004395,2013-08-01,2013-08-06
None,APOEL,CYP,0,1553.95898438,2013-08-07,2013-08-22
None,APOEL,CYP,0,1566.77661133,2013-08-23,2013-08-29
None,APOEL,CYP,0,1547.02258301,2013-08-30,2013-09-19
None,APOEL,CYP,0,1546.59326172,2013-09-20,2013-10-03
None,APOEL,CYP,0,1538.06030273,2013-10-04,2013-10-24
None,APOEL,CYP,0,1532.89953613,2013-10-25,2013-11-07
None,APOEL,CYP,0,1545.83508301,2013-11-08,2013-11-28
None,APOEL,CYP,0,1541.85217285,2013-11-29,2013-12-12
None,APOEL,CYP,0,1526.31286621,2013-12-13,2014-07-17
None,APOEL,CYP,0,1527.42199707,2014-07-18,2014-07-24
None,APOEL,CYP,0,1527.37304688,2014-07-25,2014-07-30
None,APOEL,CYP,0,1530.51293945,2014-07-31,2014-07-31
None,APOEL,CYP,0,1530.25183105,2014-08-01,2014-08-06
None,APOEL,CYP,0,1529.19628906,2014-08-07,2014-08-07
None,APOEL,CYP,0,1526.16479492,2014-08-08,2014-08-20
None,APOEL,CYP,0,1529.5020752,2014-08-21,2014-08-21
None,APOEL,CYP,0,1532.39355469,2014-08-22,2014-08-26
None,APOEL,CYP,0,1557.96289062,2014-08-27,2014-08-28
None,APOEL,CYP,0,1573.12329102,2014-08-29,2014-09-17
None,APOEL,CYP,0,1572.19091797,2014-09-18,2014-09-18
None,APOEL,CYP,0,1576.55737305,2014-09-19,2014-09-30
None,APOEL,CYP,0,1577.57421875,2014-10-01,2014-10-02
None,APOEL,CYP,0,1575.92102051,2014-10-03,2014-10-21
None,APOEL,CYP,0,1570.51025391,2014-10-22,2014-10-23
None,APOEL,CYP,0,1568.75415039,2014-10-24,2014-11-05
None,APOEL,CYP,0,1566.51416016,2014-11-06,2014-11-06
None,APOEL,CYP,0,1564.41870117,2014-11-07,2014-11-25
None,APOEL,CYP,0,1560.00476074,2014-11-26,2014-11-27
None,APOEL,CYP,0,1557.2833252,2014-11-28,2014-12-10
None,APOEL,CYP,0,1545.65246582,2014-12-11,2014-12-11
None,APOEL,CYP,0,1543.67260742,2014-12-12,2015-07-02
None,APOEL,CYP,0,1541.94042969,2015-07-03,2015-07-09
None,APOEL,CYP,0,1548.53625488,2015-07-10,2015-07-14
None,APOEL,CYP,0,1545.90649414,2015-07-15,2015-07-16
None,APOEL,CYP,0,1547.11608887,2015-07-17,2015-07-21
None,APOEL,CYP,0,1550.42895508,2015-07-22,2015-07-23
None,APOEL,CYP,0,1554.67028809,2015-07-24,2015-07-28
None,APOEL,CYP,0,1567.18188477,2015-07-29,2015-07-30
None,APOEL,CYP,0,1562.43041992,2015-07-31,2015-08-04
None,APOEL,CYP,0,1559.29504395,2015-08-05,2015-08-06
None,APOEL,CYP,0,1546.47497559,2015-08-07,2015-08-18
None,APOEL,CYP,0,1535.65332031,2015-08-19,2015-08-26
None,APOEL,CYP,0,1518.8326416,2015-08-27,2015-09-17
None,APOEL,CYP,0,1505.64477539,2015-09-18,2015-10-01
None,APOEL,CYP,0,1498.89001465,2015-10-02,2015-10-22
None,APOEL,CYP,0,1507.20092773,2015-10-23,2015-11-05
None,APOEL,CYP,0,1492.63122559,2015-11-06,2015-11-26
None,APOEL,CYP,0,1489.4810791,2015-11-27,2015-12-10
None,APOEL,CYP,0,1477.1204834,2015-12-11,2016-06-30
None,APOEL,CYP,0,1477.35180664,2016-07-01,2016-07-07
None,APOEL,CYP,0,1477.74255371,2016-07-08,2016-07-12
None,APOEL,CYP,0,1475.63317871,2016-07-13,2016-07-14
None,APOEL,CYP,0,1472.94799805,2016-07-15,2016-07-19
None,APOEL,CYP,0,1476.74316406,2016-07-20,2016-07-21
None,APOEL,CYP,0,1475.2545166,2016-07-22,2016-07-27
None,APOEL,CYP,0,1471.48046875,2016-07-28,2016-07-28
None,APOEL,CYP,0,1470.48474121,2016-07-29,2016-08-02
None,APOEL,CYP,0,1505.16931152,2016-08-03,2016-08-04
None,APOEL,CYP,0,1513.30786133,2016-08-05,2016-08-16
None,APOEL,CYP,0,1507.87927246,2016-08-17,2016-08-18
None,APOEL,CYP,0,1504.4230957,2016-08-19,2016-08-24
None,APOEL,CYP,0,1499.15991211,2016-08-25,2016-08-25
None,APOEL,CYP,0,1494.66418457,2016-08-26,2016-09-15
None,APOEL,CYP,0,1502.01342773,2016-09-16,2016-09-29
None,APOEL,CYP,0,1524.01489258,2016-09-30,2016-10-20
None,APOEL,CYP,0,1512.77661133,2016-10-21,2016-11-03
None,APOEL,CYP,0,1524.06567383,2016-11-04,2016-11-24
None,APOEL,CYP,0,1511.61755371,2016-11-25,2016-12-08
None,APOEL,CYP,0,1533.19921875,2016-12-09,2017-02-16
None,APOEL,CYP,0,1534.14086914,2017-02-17,2017-02-23
None,APOEL,CYP,0,1565.2421875,2017-02-24,2017-03-09
None,APOEL,CYP,0,1557.55322266,2017-03-10,2017-03-16
None,APOEL,CYP,0,1554.25878906,2017-03-17,2017-06-29
None,APOEL,CYP,0,1555.02722168,2017-06-30,2017-07-06
None,APOEL,CYP,0,1555.08544922,2017-07-07,2017-07-12
None,APOEL,CYP,0,1555.31054688,2017-07-13,2017-07-13
None,APOEL,CYP,0,1559.42736816,2017-07-14,2017-07-19
None,APOEL,CYP,0,1560.20361328,2017-07-20,2017-07-20
None,APOEL,CYP,0,1561.47595215,2017-07-21,2017-07-26
None,APOEL,CYP,0,1552.54260254,2017-07-27,2017-07-27
None,APOEL,CYP,0,1556.84545898,2017-07-28,2017-08-02
None,APOEL,CYP,0,1582.74938965,2017-08-03,2017-08-03
None,APOEL,CYP,0,1590.3314209,2017-08-04,2017-08-15
None,APOEL,CYP,0,1604.90002441,2017-08-16,2017-08-17
None,APOEL,CYP,0,1602.45666504,2017-08-18,2017-08-21
100,APOEL,CYP,0,1602.45666504,2017-08-22,2017-08-22
99,APOEL,CYP,0,1602.45666504,2017-08-23,2017-08-23
99,APOEL,CYP,0,1607.62902832,2017-08-24,2017-08-24
94,APOEL,CYP,0,1610.91479492,2017-08-25,2017-08-26
93,APOEL,CYP,0,1610.91479492,2017-08-27,2017-08-28
94,APOEL,CYP,0,1610.91479492,2017-08-29,2017-09-03
93,APOEL,CYP,0,1610.91479492,2017-09-04,2017-09-09
94,APOEL,CYP,0,1610.91479492,2017-09-10,2017-09-12
92,APOEL,CYP,0,1610.91479492,2017-09-13,2017-09-13
92,APOEL,CYP,0,1609.78942871,2017-09-14,2017-09-14
93,APOEL,CYP,0,1611.59375,2017-09-15,2017-09-16
92,APOEL,CYP,0,1611.59375,2017-09-17,2017-09-17
91,APOEL,CYP,0,1611.59375,2017-09-18,2017-09-24
90,APOEL,CYP,0,1611.59375,2017-09-25,2017-09-25
91,APOEL,CYP,0,1611.59375,2017-09-26,2017-09-26
98,APOEL,CYP,0,1601.8503418,2017-09-27,2017-09-27
99,APOEL,CYP,0,1601.8503418,2017-09-28,2017-09-28
90,APOEL,CYP,0,1605.54650879,2017-09-29,2017-10-01
91,APOEL,CYP,0,1605.54650879,2017-10-02,2017-10-14
94,APOEL,CYP,0,1605.54650879,2017-10-15,2017-10-15
95,APOEL,CYP,0,1605.54650879,2017-10-16,2017-10-17
88,APOEL,CYP,0,1610.57824707,2017-10-18,2017-10-19
88,APOEL,CYP,0,1609.36462402,2017-10-20,2017-10-21
89,APOEL,CYP,0,1609.36462402,2017-10-22,2017-10-22
88,APOEL,CYP,0,1609.36462402,2017-10-23,2017-10-23
89,APOEL,CYP,0,1609.36462402,2017-10-24,2017-10-25
88,APOEL,CYP,0,1609.36462402,2017-10-26,2017-10-28
89,APOEL,CYP,0,1609.36462402,2017-10-29,2017-10-29
90,APOEL,CYP,0,1609.36462402,2017-10-30,2017-10-31
89,APOEL,CYP,0,1609.36462402,2017-11-01,2017-11-01
82,APOEL,CYP,0,1619.46008301,2017-11-02,2017-11-02
81,APOEL,CYP,0,1621.14916992,2017-11-03,2017-11-03
82,APOEL,CYP,0,1621.14916992,2017-11-04,2017-11-04
83,APOEL,CYP,0,1621.14916992,2017-11-05,2017-11-05
84,APOEL,CYP,0,1621.14916992,2017-11-06,2017-11-21
87,APOEL,CYP,0,1613.86413574,2017-11-22,2017-11-22
86,APOEL,CYP,0,1613.86413574,2017-11-23,2017-11-23
87,APOEL,CYP,0,1612.31518555,2017-11-24,2017-11-25
86,APOEL,CYP,0,1612.31518555,2017-11-26,2017-11-26
88,APOEL,CYP,0,1612.31518555,2017-11-27,2017-11-29
87,APOEL,CYP,0,1612.31518555,2017-11-30,2017-12-02
89,APOEL,CYP,0,1612.31518555,2017-12-03,2017-12-03
88,APOEL,CYP,0,1612.31518555,2017-12-04,2017-12-05
87,APOEL,CYP,0,1612.31518555,2017-12-06,2017-12-06
88,APOEL,CYP,0,1608.87438965,2017-12-07,2017-12-07
89,APOEL,CYP,0,1603.97558594,2017-12-08,2017-12-08
88,APOEL,CYP,0,1603.97558594,2017-12-09,2017-12-13
89,APOEL,CYP,0,1603.97558594,2017-12-14,2017-12-16
90,APOEL,CYP,0,1603.97558594,2017-12-17,2017-12-23
91,APOEL,CYP,0,1603.97558594,2017-12-24,2018-01-06
92,APOEL,CYP,0,1603.97558594,2018-01-07,2018-01-13
90,APOEL,CYP,0,1603.97558594,2018-01-14,2018-01-14
91,APOEL,CYP,0,1603.97558594,2018-01-15,2018-01-21
90,APOEL,CYP,0,1603.97558594,2018-01-22,2018-02-02
89,APOEL,CYP,0,1603.97558594,2018-02-03,2018-02-03
90,APOEL,CYP,0,1603.97558594,2018-02-04,2018-02-10
89,APOEL,CYP,0,1603.97558594,2018-02-11,2018-02-11
90,APOEL,CYP,0,1603.97558594,2018-02-12,2018-02-15
92,APOEL,CYP,0,1603.97558594,2018-02-16,2018-02-17
91,APOEL,CYP,0,1603.97558594,2018-02-18,2018-02-22
92,APOEL,CYP,0,1603.97558594,2018-02-23,2018-02-24
91,APOEL,CYP,0,1603.97558594,2018-02-25,2018-02-25
89,APOEL,CYP,0,1603.97558594,2018-02-26,2018-02-26
90,APOEL,CYP,0,1603.97558594,2018-02-27,2018-03-01
89,APOEL,CYP,0,1603.97558594,2018-03-02,2018-03-03
90,APOEL,CYP,0,1603.97558594,2018-03-04,2018-03-06
91,APOEL,CYP,0,1603.97558594,2018-03-07,2018-03-08
90,APOEL,CYP,0,1603.97558594,2018-03-09,2018-03-11
91,APOEL,CYP,0,1603.97558594,2018-03-12,2018-03-13
92,APOEL,CYP,0,1603.97558594,2018-03-14,2018-03-30
93,APOEL,CYP,0,1603.97558594,2018-03-31,2018-03-31
91,APOEL,CYP,0,1603.97558594,2018-04-01,2018-04-01
92,APOEL,CYP,0,1603.97558594,2018-04-02,2018-04-09
91,APOEL,CYP,0,1603.97558594,2018-04-10,2018-04-10
90,APOEL,CYP,0,1603.97558594,2018-04-11,2018-04-11
91,APOEL,CYP,0,1603.97558594,2018-04-12,2018-04-12
92,APOEL,CYP,0,1603.97558594,2018-04-13,2018-04-21
94,APOEL,CYP,0,1603.97558594,2018-04-22,2018-04-22
95,APOEL,CYP,0,1603.97558594,2018-04-23,2018-04-28
96,APOEL,CYP,0,1603.97558594,2018-04-29,2018-04-29
97,APOEL,CYP,0,1603.97558594,2018-04-30,2018-05-05
99,APOEL,CYP,0,1603.97558594,2018-05-06,2018-05-06
96,APOEL,CYP,0,1603.97558594,2018-05-07,2018-05-12
94,APOEL,CYP,0,1603.97558594,2018-05-13,2018-05-13
95,APOEL,CYP,0,1603.97558594,2018-05-14,2018-05-20
94,APOEL,CYP,0,1603.97558594,2018-05-21,2018-06-07
93,APOEL,CYP,0,1603.97558594,2018-06-08,2018-06-10
94,APOEL,CYP,0,1603.97558594,2018-06-11,2018-07-11
None,APOEL,CYP,0,1585.19873047,2018-07-12,2018-07-12
None,APOEL,CYP,0,1582.11999512,2018-07-13,2018-07-17
None,APOEL,CYP,0,1562.02209473,2018-07-18,2018-07-19
None,APOEL,CYP,0,1558.25683594,2018-07-20,2018-07-26
None,APOEL,CYP,0,1560.11657715,2018-07-27,2018-08-02
None,APOEL,CYP,0,1565.7545166,2018-08-03,2018-08-09
None,APOEL,CYP,0,1584.38464355,2018-08-10,2018-08-16
98,APOEL,CYP,0,1604.10949707,2018-08-17,2018-08-17
99,APOEL,CYP,0,1604.10949707,2018-08-18,2018-08-22
98,APOEL,CYP,0,1604.10949707,2018-08-23,2018-08-23
94,APOEL,CYP,0,1609.40380859,2018-08-24,2018-08-24
93,APOEL,CYP,0,1609.40380859,2018-08-25,2018-08-25
92,APOEL,CYP,0,1609.40380859,2018-08-26,2018-08-26
93,APOEL,CYP,0,1609.40380859,2018-08-27,2018-08-30
94,APOEL,CYP,0,1607.27941895,2018-08-31,2018-09-01
97,APOEL,CYP,0,1607.27941895,2018-09-02,2018-09-02
99,APOEL,CYP,0,1607.27941895,2018-09-03,2018-09-08
100,APOEL,CYP,0,1607.27941895,2018-09-09,2018-09-15
98,APOEL,CYP,0,1607.27941895,2018-09-16,2018-09-16
99,APOEL,CYP,0,1607.27941895,2018-09-17,2018-09-18
None,APOEL,CYP,0,1607.27941895,2018-09-19,2018-09-19
100,APOEL,CYP,0,1607.27941895,2018-09-20,2018-09-20
None,APOEL,CYP,0,1600.62219238,2018-09-21,2018-10-02
99,APOEL,CYP,0,1600.62219238,2018-10-03,2018-10-03
None,APOEL,CYP,0,1600.62219238,2018-10-04,2018-10-04
99,APOEL,CYP,0,1600.42272949,2018-10-05,2018-10-06
98,APOEL,CYP,0,1600.42272949,2018-10-07,2018-10-07
100,APOEL,CYP,0,1600.42272949,2018-10-08,2018-10-20
99,APOEL,CYP,0,1600.42272949,2018-10-21,2018-10-21
100,APOEL,CYP,0,1600.42272949,2018-10-22,2018-10-24
98,APOEL,CYP,0,1600.42272949,2018-10-25,2018-10-25
97,APOEL,CYP,0,1597.82495117,2018-10-26,2018-10-27
96,APOEL,CYP,0,1597.82495117,2018-10-28,2018-11-08
95,APOEL,CYP,0,1596.96618652,2018-11-09,2018-11-10
96,APOEL,CYP,0,1596.96618652,2018-11-11,2018-11-11
95,APOEL,CYP,0,1596.96618652,2018-11-12,2018-11-29
90,APOEL,CYP,0,1609.15002441,2018-11-30,2018-12-01
88,APOEL,CYP,0,1609.15002441,2018-12-02,2018-12-04
89,APOEL,CYP,0,1609.15002441,2018-12-05,2018-12-05
90,APOEL,CYP,0,1609.15002441,2018-12-06,2018-12-08
92,APOEL,CYP,0,1609.15002441,2018-12-09,2018-12-13
90,APOEL,CYP,0,1611.73596191,2018-12-14,2018-12-16
91,APOEL,CYP,0,1611.73596191,2018-12-17,2018-12-17
92,APOEL,CYP,0,1611.73596191,2018-12-18,2018-12-21
91,APOEL,CYP,0,1611.73596191,2018-12-22,2018-12-22
88,APOEL,CYP,0,1611.73596191,2018-12-23,2018-12-26
87,APOEL,CYP,0,1611.73596191,2018-12-27,2018-12-30
88,APOEL,CYP,0,1611.73596191,2018-12-31,2019-01-08
87,APOEL,CYP,0,1611.73596191,2019-01-09,2019-01-11
88,APOEL,CYP,0,1611.73596191,2019-01-12,2019-01-12
86,APOEL,CYP,0,1611.73596191,2019-01-13,2019-01-13
88,APOEL,CYP,0,1611.73596191,2019-01-14,2019-01-15
89,APOEL,CYP,0,1611.73596191,2019-01-16,2019-01-16
88,APOEL,CYP,0,1611.73596191,2019-01-17,2019-01-19
87,APOEL,CYP,0,1611.73596191,2019-01-20,2019-01-20
88,APOEL,CYP,0,1611.73596191,2019-01-21,2019-01-26
86,APOEL,CYP,0,1611.73596191,2019-01-27,2019-02-03
87,APOEL,CYP,0,1611.73596191,2019-02-04,2019-02-09
89,APOEL,CYP,0,1611.73596191,2019-02-10,2019-02-10
90,APOEL,CYP,0,1611.73596191,2019-02-11,2019-02-12
89,APOEL,CYP,0,1611.73596191,2019-02-13,2019-02-13
90,APOEL,CYP,0,1611.73596191,2019-02-14,2019-02-14
91,APOEL,CYP,0,1611.73596191,2019-02-15,2019-02-16
90,APOEL,CYP,0,1611.73596191,2019-02-17,2019-02-19
91,APOEL,CYP,0,1611.73596191,2019-02-20,2019-02-20
90,APOEL,CYP,0,1611.73596191,2019-02-21,2019-02-21
94,APOEL,CYP,0,1611.73596191,2019-02-22,2019-02-22
95,APOEL,CYP,0,1611.73596191,2019-02-23,2019-02-24
94,APOEL,CYP,0,1611.73596191,2019-02-25,2019-02-25
93,APOEL,CYP,0,1611.73596191,2019-02-26,2019-02-26
92,APOEL,CYP,0,1611.73596191,2019-02-27,2019-03-01
91,APOEL,CYP,0,1611.73596191,2019-03-02,2019-03-06
90,APOEL,CYP,0,1611.73596191,2019-03-07,2019-03-07
89,APOEL,CYP,0,1611.73596191,2019-03-08,2019-03-10
90,APOEL,CYP,0,1611.73596191,2019-03-11,2019-03-12
89,APOEL,CYP,0,1611.73596191,2019-03-13,2019-03-13
88,APOEL,CYP,0,1611.73596191,2019-03-14,2019-03-14
85,APOEL,CYP,0,1611.73596191,2019-03-15,2019-03-16
88,APOEL,CYP,0,1611.73596191,2019-03-17,2019-03-17
89,APOEL,CYP,0,1611.73596191,2019-03-18,2019-03-31
90,APOEL,CYP,0,1611.73596191,2019-04-01,2019-04-02
89,APOEL,CYP,0,1611.73596191,2019-04-03,2019-04-03
88,APOEL,CYP,0,1611.73596191,2019-04-04,2019-04-05
89,APOEL,CYP,0,1611.73596191,2019-04-06,2019-04-06
90,APOEL,CYP,0,1611.73596191,2019-04-07,2019-04-07
91,APOEL,CYP,0,1611.73596191,2019-04-08,2019-04-13
90,APOEL,CYP,0,1611.73596191,2019-04-14,2019-04-14
89,APOEL,CYP,0,1611.73596191,2019-04-15,2019-04-15
88,APOEL,CYP,0,1611.73596191,2019-04-16,2019-04-18
90,APOEL,CYP,0,1611.73596191,2019-04-19,2019-04-20
92,APOEL,CYP,0,1611.73596191,2019-04-21,2019-04-21
90,APOEL,CYP,0,1611.73596191,2019-04-22,2019-04-22
92,APOEL,CYP,0,1611.73596191,2019-04-23,2019-04-23
93,APOEL,CYP,0,1611.73596191,2019-04-24,2019-04-26
91,APOEL,CYP,0,1611.73596191,2019-04-27,2019-04-30
90,APOEL,CYP,0,1611.73596191,2019-05-01,2019-05-01
88,APOEL,CYP,0,1611.73596191,2019-05-02,2019-05-02
89,APOEL,CYP,0,1611.73596191,2019-05-03,2019-05-05
90,APOEL,CYP,0,1611.73596191,2019-05-06,2019-05-07
92,APOEL,CYP,0,1611.73596191,2019-05-08,2019-05-08
93,APOEL,CYP,0,1611.73596191,2019-05-09,2019-05-11
91,APOEL,CYP,0,1611.73596191,2019-05-12,2019-05-12
88,APOEL,CYP,0,1611.73596191,2019-05-13,2019-05-14
87,APOEL,CYP,0,1611.73596191,2019-05-15,2019-05-15
88,APOEL,CYP,0,1611.73596191,2019-05-16,2019-05-18
89,APOEL,CYP,0,1611.73596191,2019-05-19,2019-05-26
90,APOEL,CYP,0,1611.73596191,2019-05-27,2019-05-27
91,APOEL,CYP,0,1611.73596191,2019-05-28,2019-07-11
90,APOEL,CYP,0,1612.42810059,2019-07-12,2019-07-18
90,APOEL,CYP,0,1613.31079102,2019-07-19,2019-07-23
90,APOEL,CYP,0,1613.52990723,2019-07-24,2019-07-25
87,APOEL,CYP,0,1616.2902832,2019-07-26,2019-07-27
86,APOEL,CYP,0,1616.2902832,2019-07-28,2019-07-30
87,APOEL,CYP,0,1616.84179688,2019-07-31,2019-08-01
89,APOEL,CYP,0,1615.51062012,2019-08-02,2019-08-03
90,APOEL,CYP,0,1615.51062012,2019-08-04,2019-08-06
100,APOEL,CYP,0,1596.51599121,2019-08-07,2019-08-08
100,APOEL,CYP,0,1597.99267578,2019-08-09,2019-08-10
None,APOEL,CYP,0,1597.99267578,2019-08-11,2019-08-13
81,APOEL,CYP,0,1627.43737793,2019-08-14,2019-08-15
86,APOEL,CYP,0,1622.61999512,2019-08-16,2019-08-20
85,APOEL,CYP,0,1624.05395508,2019-08-21,2019-08-22
88,APOEL,CYP,0,1620.0345459,2019-08-23,2019-08-27
89,APOEL,CYP,0,1620.0345459,2019-08-28,2019-08-28
94,APOEL,CYP,0,1611.3536377,2019-08-29,2019-08-29
94,APOEL,CYP,0,1608.95263672,2019-08-30,2019-08-31
93,APOEL,CYP,0,1608.95263672,2019-09-01,2019-09-01
96,APOEL,CYP,0,1608.95263672,2019-09-02,2019-09-14
95,APOEL,CYP,0,1608.95263672,2019-09-15,2019-09-17
96,APOEL,CYP,0,1608.95263672,2019-09-18,2019-09-18
95,APOEL,CYP,0,1608.95263672,2019-09-19,2019-09-19
None,APOEL,CYP,0,1584.57104492,2019-09-20,2019-10-03
None,APOEL,CYP,0,1580.68933105,2019-10-04,2019-10-24
None,APOEL,CYP,0,1579.6854248,2019-10-25,2019-11-07
None,APOEL,CYP,0,1585.92297363,2019-11-08,2019-11-28
None,APOEL,CYP,0,1591.88256836,2019-11-29,2019-12-01
100,APOEL,CYP,0,1591.88256836,2019-12-02,2019-12-03
None,APOEL,CYP,0,1591.88256836,2019-12-04,2019-12-12
95,APOEL,CYP,0,1609.46337891,2019-12-13,2019-12-14
97,APOEL,CYP,0,1609.46337891,2019-12-15,2019-12-15
96,APOEL,CYP,0,1609.46337891,2019-12-16,2019-12-21
93,APOEL,CYP,0,1609.46337891,2019-12-22,2019-12-29
94,APOEL,CYP,0,1609.46337891,2019-12-30,2020-01-11
92,APOEL,CYP,0,1609.46337891,2020-01-12,2020-01-28
91,APOEL,CYP,0,1609.46337891,2020-01-29,2020-02-07
90,APOEL,CYP,0,1609.46337891,2020-02-08,2020-02-08
89,APOEL,CYP,0,1609.46337891,2020-02-09,2020-02-09
90,APOEL,CYP,0,1609.46337891,2020-02-10,2020-02-15
89,APOEL,CYP,0,1609.46337891,2020-02-16,2020-02-16
91,APOEL,CYP,0,1609.46337891,2020-02-17,2020-02-18
92,APOEL,CYP,0,1609.46337891,2020-02-19,2020-02-19
93,APOEL,CYP,0,1609.46337891,2020-02-20,2020-02-20
None,APOEL,CYP,0,1585.06738281,2020-02-21,2020-02-27
None,APOEL,CYP,0,1581.71472168,2020-02-28,2020-08-19
None,APOEL,CYP,0,1583.08764648,2020-08-20,2020-08-26
None,APOEL,CYP,0,1590.01586914,2020-08-27,2020-08-27
None,APOEL,CYP,0,1592.82678223,2020-08-28,2020-09-16
None,APOEL,CYP,0,1594.2064209,2020-09-17,2020-09-17
99,APOEL,CYP,0,1603.74194336,2020-09-18,2020-09-19
98,APOEL,CYP,0,1603.74194336,2020-09-20,2020-09-23
None,APOEL,CYP,0,1588.24902344,2020-09-24,2020-09-24
None,APOEL,CYP,0,1575.13635254,2020-09-25,2020-09-29
None,APOEL,CYP,0,1577.75170898,2020-09-30,2020-10-01
None,APOEL,CYP,0,1562.37731934,2020-10-02,2020-10-22
None,APOEL,CYP,0,1564.88879395,2020-10-23,2020-10-29
None,APOEL,CYP,0,1562.38769531,2020-10-30,2020-11-05
None,APOEL,CYP,0,1560.17590332,2020-11-06,2020-11-26
None,APOEL,CYP,0,1559.28405762,2020-11-27,2020-12-03
None,APOEL,CYP,0,1564.45227051,2020-12-04,2020-12-10
None,APOEL,CYP,0,1561.55407715,2020-12-11,2021-07-01
None,APOEL,CYP,0,1395.18164062,2022-07-01,2022-07-19
None,APOEL,CYP,0,1396.91088867,2022-07-20,2022-07-20
None,APOEL,CYP,0,1397.93493652,2022-07-21,2022-07-21
None,APOEL,CYP,0,1400.95043945,2022-07-22,2022-07-26
None,APOEL,CYP,0,1403.45336914,2022-07-27,2022-07-28
None,APOEL,CYP,0,1403.68701172,2022-07-29,2022-08-03
None,APOEL,CYP,0,1398.74035645,2022-08-04,2022-08-04
None,APOEL,CYP,0,1404.94311523,2022-08-05,2022-08-09
None,APOEL,CYP,0,1405.50854492,2022-08-10,2022-08-11
None,APOEL,CYP,0,1416.03527832,2022-08-12,2022-08-17
None,APOEL,CYP,0,1403.80090332,2022-08-18,2022-08-18
None,APOEL,CYP,0,1415.32421875,2022-08-19,2022-08-23
None,APOEL,CYP,0,1413.73181152,2022-08-24,2022-08-25
None,APOEL,CYP,0,1429.5135498,2022-08-26,2022-09-08
None,APOEL,CYP,0,1418.84216309,2022-09-09,2022-09-15
None,APOEL,CYP,0,1417.11315918,2022-09-16,2022-10-06
None,APOEL,CYP,0,1413.19226074,2022-10-07,2022-10-13
None,APOEL,CYP,0,1416.11621094,2022-10-14,2022-10-27
None,APOEL,CYP,0,1412.34265137,2022-10-28,2022-11-03
None,APOEL,CYP,0,1415.28198242,2022-11-04,2023-02-16
None,APOEL,CYP,0,1417.17053223,2023-02-17,2023-02-23
None,APOEL,CYP,0,1420.06665039,2023-02-24,2023-03-09
None,APOEL,CYP,0,1418.96691895,2023-03-10,2023-03-16
None,APOEL,CYP,0,1417.73388672,2023-03-17,2023-07-26
None,APOEL,CYP,0,1422.97766113,2023-07-27,2023-07-27
None,APOEL,CYP,0,1429.20422363,2023-07-28,2023-08-01
None,APOEL,CYP,0,1431.75891113,2023-08-02,2023-08-02
None,APOEL,CYP,0,1431.87207031,2023-08-03,2023-08-03
None,APOEL,CYP,0,1443.36328125,2023-08-04,2023-08-08
None,APOEL,CYP,0,1442.28686523,2023-08-09,2023-08-09
None,APOEL,CYP,0,1441.85266113,2023-08-10,2023-08-10
None,APOEL,CYP,0,1448.13220215,2023-08-11,2023-08-15
None,APOEL,CYP,0,1445.37927246,2023-08-16,2023-08-17
None,APOEL,CYP,0,1436.94812012,2023-08-18,2023-08-24
None,APOEL,CYP,0,1430.9864502,2023-08-25,2023-08-31
None,APOEL,CYP,0,1436.99926758,2023-09-01,2023-09-21
None,APOEL,CYP,0,1435.81884766,2023-09-22,2023-10-05
None,APOEL,CYP,0,1440.81298828,2023-10-06,2023-10-26
None,APOEL,CYP,0,1439.33325195,2023-10-27,2023-11-09
None,APOEL,CYP,0,1438.31896973,2023-11-10,2023-11-30
None,APOEL,CYP,0,1441.30078125,2023-12-01,2023-12-14
None,APOEL,CYP,0,1438.05908203,2023-12-15,2023-12-31
None,APOEL,CYP,0,1438.05908203,2024-01-01,2024-07-11
None,APOEL,CYP,0,1431.00866699,2024-07-12,2024-07-18
None,APOEL,CYP,0,1424.7935791,2024-07-19,2024-07-23
None,APOEL,CYP,0,1426.52819824,2024-07-24,2024-07-25
None,APOEL,CYP,0,1416.44018555,2024-07-26,2024-07-30
None,APOEL,CYP,0,1420.35693359,2024-07-31,2024-08-01
None,APOEL,CYP,0,1417.49816895,2024-08-02,2024-08-07
None,APOEL,CYP,0,1404.28125,2024-08-08,2024-08-08
None,APOEL,CYP,0,1403.34118652,2024-08-09,2024-08-13
None,APOEL,CYP,0,1395.02539062,2024-08-14,2024-08-14
None,APOEL,CYP,0,1399.99682617,2024-08-15,2024-08-15
None,APOEL,CYP,0,1407.98303223,2024-08-16,2024-08-22
None,APOEL,CYP,0,1405.96960449,2024-08-23,2024-08-29
None,APOEL,CYP,0,1410.70397949,2024-08-30,2024-10-03
None,APOEL,CYP,0,1411.76318359,2024-10-04,2024-10-24
None,APOEL,CYP,0,1382.53881836,2024-10-25,2024-11-07
None,APOEL,CYP,0,1406.14868164,2024-11-08,2024-11-28
None,APOEL,CYP,0,1418.31555176,2024-11-29,2024-12-12
None,APOEL,CYP,0,1439.9798584,2024-12-13,2024-12-19
None,APOEL,CYP,0,1432.52429199,2024-12-20,2024-12-31
None,APOEL,CYP,0,1432.52429199,2025-01-01,2025-02-13
None,APOEL,CYP,0,1434.8059082,2025-02-14,2025-02-20
None,APOEL,CYP,0,1404.1105957,2025-02-21,2025-03-06
None,APOEL,CYP,0,1405.640625,2025-03-07,2025-03-13
None,APOEL,CYP,0,1397.4810791,2025-03-14,2025-06-08
None,APOEL,CYP,0,1397.4810791,2025-06-09,2025-12-31


